id,createdat,createdby,modifiedat,modifiedby,periodo1,periodo2,periodo3,periodo4,periodo5,periodo6,periodo7,periodo8,periodo9,periodo10,periodo11,periodo12,codigo,sociedadfi_codigo,plancuenta_codigo,ejercicio,escenario,descripcion,moneda_code,especial
b8584355-d30a-467a-9450-e2d83721d124,2025-07-23 17:27:57.622,NMATAMOROS,2025-07-23 17:27:57.622,NMATAMOROS,7.4200,7.4200,7.4200,7.4200,7.4200,7.4200,7.4200,7.4200,7.4200,7.4200,7.4200,7.4200,ALMCNCOL-A,1000,6233005008,2025,1,Almacenamiento Colombia,USD,f
fd572636-f959-4350-84e7-22f304531a46,2025-07-23 17:27:57.622,NMATAMOROS,2025-07-23 17:27:57.622,NMATAMOROS,7.4200,7.4200,7.4200,7.4200,7.4200,7.4200,7.4200,7.4200,7.4200,7.4200,7.4200,7.4200,ALMCNCOL-A,1000,7114005008,2025,1,Almacenamiento Colombia,USD,f
426c99ed-4f35-4a14-ae34-d0f8575c7683,2025-07-23 17:27:57.622,NMATAMOROS,2025-07-23 17:27:57.622,NMATAMOROS,0.0000,0.0000,0.0000,0.0000,0.0000,0.0000,0.0000,0.0000,0.0000,0.0000,0.0000,0.0000,ALMCNCOL-A,1000,6233005008,2024,1,Almacenamiento Colombia,USD,f
57f32b13-d919-42e5-b1d6-43c6355ba5c3,2025-07-23 17:27:57.622,NMATAMOROS,2025-07-23 17:27:57.622,NMATAMOROS,0.0000,0.0000,0.0000,0.0000,0.0000,0.0000,0.0000,0.0000,0.0000,0.0000,0.0000,0.0000,ALMCNCOL-A,1000,7114005008,2024,1,Almacenamiento Colombia,USD,f
b686113d-59d2-45a1-83d6-28da29f54c36,2025-07-23 17:27:57.622,NMATAMOROS,2025-07-23 17:27:57.622,NMATAMOROS,0.0000,0.0000,0.0000,0.0000,0.0000,0.0000,0.0000,0.0000,0.0000,0.0000,0.0000,0.0000,ANTIVIRS-A,1000,6233005008,2024,1,Antivirus,USD,f
905b180d-f729-402e-b226-c62d0152f497,2025-07-23 17:27:57.622,NMATAMOROS,2025-07-23 17:27:57.622,NMATAMOROS,0.0000,0.0000,0.0000,0.0000,0.0000,0.0000,0.0000,0.0000,0.0000,0.0000,0.0000,0.0000,ANTIVIRS-A,1000,7114005008,2024,1,Antivirus,USD,f
376b1516-c105-4bf6-a5e9-9dd73d4e8e64,2025-07-23 17:27:57.622,NMATAMOROS,2025-07-23 17:27:57.622,NMATAMOROS,0.0000,0.0000,0.0000,0.0000,0.0000,0.0000,0.0000,0.0000,0.0000,0.0000,0.0000,0.0000,ANTIVIRS-A,1000,6233005008,2025,1,Antivirus,USD,f
d4b1a6ae-a358-42a0-bed6-91c8144d2d3c,2025-07-23 17:27:57.622,NMATAMOROS,2025-07-23 17:27:57.622,NMATAMOROS,0.0000,0.0000,0.0000,0.0000,0.0000,0.0000,0.0000,0.0000,0.0000,0.0000,0.0000,0.0000,ANTIVIRS-A,1000,7114005008,2025,1,Antivirus,USD,f
1fc0df33-781f-4016-b723-3c9b8120fe55,2025-07-23 17:27:57.622,NMATAMOROS,2025-07-23 17:27:57.622,NMATAMOROS,800.0000,800.0000,800.0000,800.0000,800.0000,800.0000,800.0000,800.0000,800.0000,800.0000,800.0000,800.0000,ANTIVIRS-L,1000,6233005008,2025,1,Antivirus,HNL,f
2d3bf64f-8fb7-4631-bdb7-0c96310f2336,2025-07-23 17:27:57.622,NMATAMOROS,2025-07-23 17:27:57.622,NMATAMOROS,800.0000,800.0000,800.0000,800.0000,800.0000,800.0000,800.0000,800.0000,800.0000,800.0000,800.0000,800.0000,ANTIVIRS-L,1000,7114005008,2025,1,Antivirus,HNL,f
45f8986f-2bae-4cf2-89cf-18faf53b3c98,2025-07-23 17:27:57.622,NMATAMOROS,2025-07-23 17:27:57.622,NMATAMOROS,118.8000,118.8000,118.8000,118.8000,118.8000,118.8000,118.8000,118.8000,118.8000,118.8000,118.8000,118.8000,AUTOCADW-A,1000,6233005008,2025,1,Autocad Web,USD,f
527a2ec4-94be-4200-af72-ca727301595f,2025-07-23 17:27:57.622,NMATAMOROS,2025-07-23 17:27:57.622,NMATAMOROS,118.8000,118.8000,118.8000,118.8000,118.8000,118.8000,118.8000,118.8000,118.8000,118.8000,118.8000,118.8000,AUTOCADW-A,1000,7114005008,2025,1,Autocad Web,USD,f
654a1d1d-7c73-4b15-b1ac-9e517626edb4,2025-07-23 17:27:57.622,NMATAMOROS,2025-07-23 17:27:57.622,NMATAMOROS,0.0000,0.0000,0.0000,0.0000,0.0000,0.0000,0.0000,0.0000,0.0000,0.0000,0.0000,0.0000,CORREOEL-A,1000,6233005008,2024,1,Correo Electrónico - Plan A,USD,f
891c9b37-0a41-4eda-a363-b6f22774fa29,2025-07-23 17:27:57.622,NMATAMOROS,2025-07-23 17:27:57.622,NMATAMOROS,0.0000,0.0000,0.0000,0.0000,0.0000,0.0000,0.0000,0.0000,0.0000,0.0000,0.0000,0.0000,CORREOEL-A,1000,7114005008,2024,1,Correo Electrónico - Plan A,USD,f
d16cd57f-646d-4ff7-b2f6-d41dcea0623c,2025-07-23 17:27:57.622,NMATAMOROS,2025-07-23 17:27:57.622,NMATAMOROS,9.0000,9.0000,9.0000,9.0000,9.0000,9.0000,9.0000,9.0000,9.0000,9.0000,9.0000,9.0000,CORREOEL-A,1000,6233005008,2025,1,Correo Electrónico - Plan A,USD,f
6a59c91e-ab07-4560-a80a-8d7f7643373e,2025-07-23 17:27:57.622,NMATAMOROS,2025-07-23 17:27:57.622,NMATAMOROS,9.0000,9.0000,9.0000,9.0000,9.0000,9.0000,9.0000,9.0000,9.0000,9.0000,9.0000,9.0000,CORREOEL-A,1000,7114005008,2025,1,Correo Electrónico - Plan A,USD,f
8dc99596-5ff7-4c48-a3c5-b0a019009f49,2025-07-23 17:27:57.622,NMATAMOROS,2025-07-23 17:27:57.622,NMATAMOROS,0.0000,0.0000,0.0000,0.0000,0.0000,0.0000,0.0000,0.0000,0.0000,0.0000,0.0000,0.0000,CORREOEL-B,1000,6233005008,2024,1,Correo Electrónico - Plan B,USD,f
9af62a05-a504-4be0-8368-913f6e314a56,2025-07-23 17:27:57.622,NMATAMOROS,2025-07-23 17:27:57.622,NMATAMOROS,0.0000,0.0000,0.0000,0.0000,0.0000,0.0000,0.0000,0.0000,0.0000,0.0000,0.0000,0.0000,CORREOEL-B,1000,7114005008,2024,1,Correo Electrónico - Plan B,USD,f
3d8dece3-1265-4b9e-84b3-88cea149477d,2025-07-23 17:27:57.622,NMATAMOROS,2025-07-23 17:27:57.622,NMATAMOROS,15.0000,15.0000,15.0000,15.0000,15.0000,15.0000,15.0000,15.0000,15.0000,15.0000,15.0000,15.0000,CORREOEL-B,1000,6233005008,2025,1,Correo Electrónico - Plan B,USD,f
4dc54c4d-4337-4c90-b0ee-8fb1c355d2d6,2025-07-23 17:27:57.622,NMATAMOROS,2025-07-23 17:27:57.622,NMATAMOROS,15.0000,15.0000,15.0000,15.0000,15.0000,15.0000,15.0000,15.0000,15.0000,15.0000,15.0000,15.0000,CORREOEL-B,1000,7114005008,2025,1,Correo Electrónico - Plan B,USD,f
d93ed593-df81-4672-839d-ca2fa40a620f,2025-07-23 17:27:57.622,NMATAMOROS,2025-07-23 17:27:57.622,NMATAMOROS,0.0000,0.0000,0.0000,0.0000,0.0000,0.0000,0.0000,0.0000,0.0000,0.0000,0.0000,0.0000,COSTOCOM-A,1000,6233005008,2025,1,Costo Comunicación,USD,t
3adf7dec-3f55-460d-aadd-990f984e0f82,2025-07-23 17:27:57.622,NMATAMOROS,2025-07-23 17:27:57.622,NMATAMOROS,0.0000,0.0000,0.0000,0.0000,0.0000,0.0000,0.0000,0.0000,0.0000,0.0000,0.0000,0.0000,COSTOCOM-A,1000,7114005008,2025,1,Costo Comunicación,USD,t
46f4f772-c7b1-444b-905a-60a031776a50,2025-07-23 17:27:57.622,NMATAMOROS,2025-07-23 17:27:57.622,NMATAMOROS,0.0000,0.0000,0.0000,0.0000,0.0000,0.0000,0.0000,0.0000,0.0000,0.0000,0.0000,0.0000,COSTOCOM-A,1000,6233005008,2024,1,Costo Comunicación,USD,t
787e2259-57be-485c-8617-89fa0b4b3a34,2025-07-23 17:27:57.622,NMATAMOROS,2025-07-23 17:27:57.622,NMATAMOROS,0.0000,0.0000,0.0000,0.0000,0.0000,0.0000,0.0000,0.0000,0.0000,0.0000,0.0000,0.0000,COSTOCOM-A,1000,7114005008,2024,1,Costo Comunicación,USD,t
7bd69bcd-a36b-42b4-87eb-7a4d168cb151,2025-07-23 17:27:57.622,NMATAMOROS,2025-07-23 17:27:57.622,NMATAMOROS,0.0000,0.0000,0.0000,0.0000,0.0000,0.0000,0.0000,0.0000,0.0000,0.0000,0.0000,0.0000,DETEKTOR-A,1000,6233005008,2024,1,DETEKTOR,USD,f
a3005935-5467-441e-971b-49e95a9515df,2025-07-23 17:27:57.622,NMATAMOROS,2025-07-23 17:27:57.622,NMATAMOROS,0.0000,0.0000,0.0000,0.0000,0.0000,0.0000,0.0000,0.0000,0.0000,0.0000,0.0000,0.0000,DETEKTOR-A,1000,7114005008,2024,1,DETEKTOR,USD,f
67c75146-7033-43a1-9038-81f0f01945d7,2025-07-23 17:27:57.622,NMATAMOROS,2025-07-23 17:27:57.622,NMATAMOROS,14.0000,14.0000,14.0000,14.0000,14.0000,14.0000,14.0000,14.0000,14.0000,14.0000,14.0000,14.0000,DETEKTOR-A,1000,6233005008,2025,1,DETEKTOR,USD,f
45c9e8d7-77d8-408c-95ca-b1bcf7f9d13b,2025-07-23 17:27:57.622,NMATAMOROS,2025-07-23 17:27:57.622,NMATAMOROS,14.0000,14.0000,14.0000,14.0000,14.0000,14.0000,14.0000,14.0000,14.0000,14.0000,14.0000,14.0000,DETEKTOR-A,1000,7114005008,2025,1,DETEKTOR,USD,f
b2bd9d9c-64f9-4b59-aea2-74d56ea73fbf,2025-07-23 17:27:57.622,NMATAMOROS,2025-07-23 17:27:57.622,NMATAMOROS,0.0000,0.0000,0.0000,0.0000,0.0000,0.0000,0.0000,0.0000,0.0000,0.0000,0.0000,0.0000,EDICOMLC-A,1000,6232515004,2025,1,EDICOM,USD,f
de2d3f96-1641-4381-9a06-71588ec102e0,2025-07-23 17:27:57.622,NMATAMOROS,2025-07-23 17:27:57.622,NMATAMOROS,0.0000,0.0000,0.0000,0.0000,0.0000,0.0000,0.0000,0.0000,0.0000,0.0000,0.0000,0.0000,EDICOMLC-A,1000,7113525004,2025,1,EDICOM,USD,f
0e8229bb-1039-437a-b019-df81f9cabe66,2025-07-23 17:27:57.622,NMATAMOROS,2025-07-23 17:27:57.622,NMATAMOROS,0.0000,0.0000,0.0000,0.0000,0.0000,0.0000,0.0000,0.0000,0.0000,0.0000,0.0000,0.0000,EDICOMLC-A,1000,6232515004,2024,1,EDICOM,USD,f
29502ae8-0ff9-4a46-8968-54f4abd695b2,2025-07-23 17:27:57.622,NMATAMOROS,2025-07-23 17:27:57.622,NMATAMOROS,0.0000,0.0000,0.0000,0.0000,0.0000,0.0000,0.0000,0.0000,0.0000,0.0000,0.0000,0.0000,EDICOMLC-A,1000,7113525004,2024,1,EDICOM,USD,f
c1aef25e-17ee-4366-9f5c-1ee89e1347a7,2025-07-23 17:27:57.622,NMATAMOROS,2025-07-23 17:27:57.622,NMATAMOROS,14.8500,14.8500,14.8500,14.8500,14.8500,14.8500,14.8500,14.8500,14.8500,14.8500,14.8500,14.8500,ENLACE01-A,1000,6232515004,2025,1,Enlaces Germania,USD,f
03b1268d-cd02-415f-978d-92729ffa0ef9,2025-07-23 17:27:57.622,NMATAMOROS,2025-07-23 17:27:57.622,NMATAMOROS,14.8500,14.8500,14.8500,14.8500,14.8500,14.8500,14.8500,14.8500,14.8500,14.8500,14.8500,14.8500,ENLACE01-A,1000,7113525004,2025,1,Enlaces Germania,USD,f
287dbef5-34f3-481e-a74d-f2d91dbc2517,2025-07-23 17:27:57.622,NMATAMOROS,2025-07-23 17:27:57.622,NMATAMOROS,8.9909,8.9909,8.9909,8.9909,8.9909,8.9909,8.9909,8.9909,8.9909,8.9909,8.9909,8.9909,ENLACE01-B,1000,6232515004,2025,1,Enlaces Perisur,USD,f
50700843-6bbd-4f1d-8235-28a49e5f80e9,2025-07-23 17:27:57.622,NMATAMOROS,2025-07-23 17:27:57.622,NMATAMOROS,8.9909,8.9909,8.9909,8.9909,8.9909,8.9909,8.9909,8.9909,8.9909,8.9909,8.9909,8.9909,ENLACE01-B,1000,7113525004,2025,1,Enlaces Perisur,USD,f
a0c68e66-812f-4905-b11b-76474da66e92,2025-07-23 17:27:57.622,NMATAMOROS,2025-07-23 17:27:57.622,NMATAMOROS,14.0556,14.0556,14.0556,14.0556,14.0556,14.0556,14.0556,14.0556,14.0556,14.0556,14.0556,14.0556,ENLACE01-C,1000,6232515004,2025,1,Enlaces CDSPS,USD,f
ddfcbe16-9024-4ad7-876f-1ad3520060c6,2025-07-23 17:27:57.622,NMATAMOROS,2025-07-23 17:27:57.622,NMATAMOROS,14.0556,14.0556,14.0556,14.0556,14.0556,14.0556,14.0556,14.0556,14.0556,14.0556,14.0556,14.0556,ENLACE01-C,1000,7113525004,2025,1,Enlaces CDSPS,USD,f
7d2df39a-301b-4316-aef4-c838965f2bb3,2025-07-23 17:27:57.622,NMATAMOROS,2025-07-23 17:27:57.622,NMATAMOROS,7.6667,7.6667,7.6667,7.6667,7.6667,7.6667,7.6667,7.6667,7.6667,7.6667,7.6667,7.6667,ENLACE01-D,1000,6232515004,2025,1,Enlaces TIZATILLO,USD,f
3a966c21-f1ac-4da5-8831-dfb70fb71c00,2025-07-23 17:27:57.622,NMATAMOROS,2025-07-23 17:27:57.622,NMATAMOROS,7.6667,7.6667,7.6667,7.6667,7.6667,7.6667,7.6667,7.6667,7.6667,7.6667,7.6667,7.6667,ENLACE01-D,1000,7113525004,2025,1,Enlaces TIZATILLO,USD,f
5c74f312-74a9-4af2-9c48-a954823da35a,2025-07-23 17:27:57.622,NMATAMOROS,2025-07-23 17:27:57.622,NMATAMOROS,14.1538,14.1538,14.1538,14.1538,14.1538,14.1538,14.1538,14.1538,14.1538,14.1538,14.1538,14.1538,ENLACE01-E,1000,6232515004,2025,1,Enlaces HOLDIN,USD,f
cafe087d-8b3e-4007-aec2-71c489f56a41,2025-07-23 17:27:57.622,NMATAMOROS,2025-07-23 17:27:57.622,NMATAMOROS,14.1538,14.1538,14.1538,14.1538,14.1538,14.1538,14.1538,14.1538,14.1538,14.1538,14.1538,14.1538,ENLACE01-E,1000,7113525004,2025,1,Enlaces HOLDIN,USD,f
8b833513-0ae2-4031-9b7f-dc60ac1677ba,2025-07-23 17:27:57.622,NMATAMOROS,2025-07-23 17:27:57.622,NMATAMOROS,46.0000,46.0000,46.0000,46.0000,46.0000,46.0000,46.0000,46.0000,46.0000,46.0000,46.0000,46.0000,ENLACE01-F,1000,6232515004,2025,1,Enlaces SVLOARQUE,USD,f
7987eb2e-9cbc-4c6d-998e-cc0ce5cffaa9,2025-07-23 17:27:57.622,NMATAMOROS,2025-07-23 17:27:57.622,NMATAMOROS,46.0000,46.0000,46.0000,46.0000,46.0000,46.0000,46.0000,46.0000,46.0000,46.0000,46.0000,46.0000,ENLACE01-F,1000,7113525004,2025,1,Enlaces SVLOARQUE,USD,f
c184177c-f2a8-4970-9035-2371d1962616,2025-07-23 17:27:57.622,NMATAMOROS,2025-07-23 17:27:57.622,NMATAMOROS,138.0000,138.0000,138.0000,138.0000,138.0000,138.0000,138.0000,138.0000,138.0000,138.0000,138.0000,138.0000,ENLACE01-G,1000,6232515004,2025,1,Enlaces SVKENNEDY,USD,f
41019e73-0fc5-4765-a049-eb0180d275e9,2025-07-23 17:27:57.622,NMATAMOROS,2025-07-23 17:27:57.622,NMATAMOROS,138.0000,138.0000,138.0000,138.0000,138.0000,138.0000,138.0000,138.0000,138.0000,138.0000,138.0000,138.0000,ENLACE01-G,1000,7113525004,2025,1,Enlaces SVKENNEDY,USD,f
78373d85-6951-429c-b3f4-cafa50a49638,2025-07-23 17:27:57.622,NMATAMOROS,2025-07-23 17:27:57.622,NMATAMOROS,138.0000,138.0000,138.0000,138.0000,138.0000,138.0000,138.0000,138.0000,138.0000,138.0000,138.0000,138.0000,ENLACE01-H,1000,6232515004,2025,1,Enlaces SVVILLA,USD,f
eebcae15-12f5-40e7-8141-5f7a18591297,2025-07-23 17:27:57.622,NMATAMOROS,2025-07-23 17:27:57.622,NMATAMOROS,138.0000,138.0000,138.0000,138.0000,138.0000,138.0000,138.0000,138.0000,138.0000,138.0000,138.0000,138.0000,ENLACE01-H,1000,7113525004,2025,1,Enlaces SVVILLA,USD,f
a30c737c-645f-48d5-8f79-41380e992ed2,2025-07-23 17:27:57.622,NMATAMOROS,2025-07-23 17:27:57.622,NMATAMOROS,138.0000,138.0000,138.0000,138.0000,138.0000,138.0000,138.0000,138.0000,138.0000,138.0000,138.0000,138.0000,ENLACE01-I,1000,6232515004,2025,1,Enlaces SVSPS,USD,f
f855f061-4641-42a6-a5c4-ff2ac319c14f,2025-07-23 17:27:57.622,NMATAMOROS,2025-07-23 17:27:57.622,NMATAMOROS,138.0000,138.0000,138.0000,138.0000,138.0000,138.0000,138.0000,138.0000,138.0000,138.0000,138.0000,138.0000,ENLACE01-I,1000,7113525004,2025,1,Enlaces SVSPS,USD,f
3e712477-2b95-4c1a-8219-b912a3b03ace,2025-07-23 17:27:57.622,NMATAMOROS,2025-07-23 17:27:57.622,NMATAMOROS,92.0000,92.0000,92.0000,92.0000,92.0000,92.0000,92.0000,92.0000,92.0000,92.0000,92.0000,92.0000,ENLACE01-J,1000,6232515004,2025,1,Enlaces SVCHOLU,USD,f
9514bc51-cc65-4ec8-a614-4e5ad67120a3,2025-07-23 17:27:57.622,NMATAMOROS,2025-07-23 17:27:57.622,NMATAMOROS,92.0000,92.0000,92.0000,92.0000,92.0000,92.0000,92.0000,92.0000,92.0000,92.0000,92.0000,92.0000,ENLACE01-J,1000,7113525004,2025,1,Enlaces SVCHOLU,USD,f
1fcd595f-f546-42e4-86a6-c69415184c9f,2025-07-23 17:27:57.622,NMATAMOROS,2025-07-23 17:27:57.622,NMATAMOROS,184.0000,184.0000,184.0000,184.0000,184.0000,184.0000,184.0000,184.0000,184.0000,184.0000,184.0000,184.0000,ENLACE01-K,1000,6232515004,2025,1,Enlaces CDJUTI,USD,f
9f1cdadf-2df7-4f73-b1f7-b68faf262ffb,2025-07-23 17:27:57.622,NMATAMOROS,2025-07-23 17:27:57.622,NMATAMOROS,184.0000,184.0000,184.0000,184.0000,184.0000,184.0000,184.0000,184.0000,184.0000,184.0000,184.0000,184.0000,ENLACE01-K,1000,7113525004,2025,1,Enlaces CDJUTI,USD,f
4e0c6732-3b95-4f49-8069-0d5905c375f2,2025-07-23 17:27:57.622,NMATAMOROS,2025-07-23 17:27:57.622,NMATAMOROS,235.7500,235.7500,235.7500,235.7500,235.7500,235.7500,235.7500,235.7500,235.7500,235.7500,235.7500,235.7500,ENLACE01-L,1000,6232515004,2025,1,Enlaces CDCOMA,USD,f
893c42f1-6ed7-4f1e-add3-8e598b0fdab9,2025-07-23 17:27:57.622,NMATAMOROS,2025-07-23 17:27:57.622,NMATAMOROS,235.7500,235.7500,235.7500,235.7500,235.7500,235.7500,235.7500,235.7500,235.7500,235.7500,235.7500,235.7500,ENLACE01-L,1000,7113525004,2025,1,Enlaces CDCOMA,USD,f
617e43b3-56e5-46ad-807f-065a6bcdb320,2025-07-23 17:27:57.622,NMATAMOROS,2025-07-23 17:27:57.622,NMATAMOROS,2000.0000,2000.0000,2000.0000,2000.0000,2000.0000,2000.0000,2000.0000,2000.0000,2000.0000,2000.0000,2000.0000,2000.0000,ENLACE01-M,1000,6232515004,2025,1,Enlaces STARLINK,HNL,f
ee412c50-de24-4750-a0a7-a63a2d787e3f,2025-07-23 17:27:57.622,NMATAMOROS,2025-07-23 17:27:57.622,NMATAMOROS,2000.0000,2000.0000,2000.0000,2000.0000,2000.0000,2000.0000,2000.0000,2000.0000,2000.0000,2000.0000,2000.0000,2000.0000,ENLACE01-M,1000,7113525004,2025,1,Enlaces STARLINK,HNL,f
5252d146-c90b-47ac-a46a-5a9ee3a8031e,2025-07-23 17:27:57.622,NMATAMOROS,2025-07-23 17:27:57.622,NMATAMOROS,380.0000,380.0000,380.0000,380.0000,380.0000,380.0000,380.0000,380.0000,380.0000,380.0000,380.0000,380.0000,ENLACE01-N,1000,6232515004,2025,1,Enlaces HNDUTEL,USD,f
0988c1eb-2db5-4c85-81d0-688c147298af,2025-07-23 17:27:57.622,NMATAMOROS,2025-07-23 17:27:57.622,NMATAMOROS,380.0000,380.0000,380.0000,380.0000,380.0000,380.0000,380.0000,380.0000,380.0000,380.0000,380.0000,380.0000,ENLACE01-N,1000,7113525004,2025,1,Enlaces HNDUTEL,USD,f
e1f06c1f-a5c6-4023-b06f-7d1dd65264ad,2025-07-23 17:27:57.622,NMATAMOROS,2025-07-23 17:27:57.622,NMATAMOROS,280.0000,280.0000,280.0000,280.0000,280.0000,280.0000,280.0000,280.0000,280.0000,280.0000,280.0000,280.0000,ENLACE01-O,1000,6232515004,2025,1,Enlaces HNDUTEL,USD,f
006743ac-36ed-491b-8427-f3d0115ed7a3,2025-07-23 17:27:57.622,NMATAMOROS,2025-07-23 17:27:57.622,NMATAMOROS,280.0000,280.0000,280.0000,280.0000,280.0000,280.0000,280.0000,280.0000,280.0000,280.0000,280.0000,280.0000,ENLACE01-O,1000,7113525004,2025,1,Enlaces HNDUTEL,USD,f
1e2bc7f8-ac03-4424-8612-5482e57c0085,2025-07-23 17:27:57.622,NMATAMOROS,2025-07-23 17:27:57.622,NMATAMOROS,0.0000,0.0000,0.0000,0.0000,0.0000,0.0000,0.0000,0.0000,0.0000,0.0000,0.0000,0.0000,GLNLICEN-A,1000,6232515004,2024,1,GLN,USD,f
7b4d03f4-8d7b-4871-b549-7b2fa79384dd,2025-07-23 17:27:57.622,NMATAMOROS,2025-07-23 17:27:57.622,NMATAMOROS,0.0000,0.0000,0.0000,0.0000,0.0000,0.0000,0.0000,0.0000,0.0000,0.0000,0.0000,0.0000,GLNLICEN-A,1000,7113525004,2024,1,GLN,USD,f
ab5b1460-f5a3-4e5e-b643-40f02986ab89,2025-07-23 17:27:57.622,NMATAMOROS,2025-07-23 17:27:57.622,NMATAMOROS,0.0000,0.0000,0.0000,0.0000,0.0000,0.0000,0.0000,0.0000,0.0000,0.0000,0.0000,0.0000,GLNLICEN-A,1000,6232515004,2025,1,GLN,USD,f
bc83beae-39ed-49d1-9afb-e8485ee277a5,2025-07-23 17:27:57.622,NMATAMOROS,2025-07-23 17:27:57.622,NMATAMOROS,0.0000,0.0000,0.0000,0.0000,0.0000,0.0000,0.0000,0.0000,0.0000,0.0000,0.0000,0.0000,GLNLICEN-A,1000,7113525004,2025,1,GLN,USD,f
41b03b63-d38d-4ee4-b309-2c6e914e89ea,2025-07-23 17:27:57.622,NMATAMOROS,2025-07-23 17:27:57.622,NMATAMOROS,0.0000,0.0000,0.0000,2000.0000,0.0000,0.0000,0.0000,0.0000,0.0000,0.0000,2000.0000,0.0000,HTISLICN-A,1000,6233005008,2025,1,HTIS,USD,f
85db5b3f-a2e5-4f5b-bdd3-ac65a6b11700,2025-07-23 17:27:57.622,NMATAMOROS,2025-07-23 17:27:57.622,NMATAMOROS,0.0000,0.0000,0.0000,2000.0000,0.0000,0.0000,0.0000,0.0000,0.0000,0.0000,2000.0000,0.0000,HTISLICN-A,1000,7114005008,2025,1,HTIS,USD,f
c6ba2ce0-eba0-4ba7-9977-042e83e183b0,2025-07-23 17:27:57.622,NMATAMOROS,2025-07-23 17:27:57.622,NMATAMOROS,0.0000,0.0000,0.0000,0.0000,0.0000,0.0000,0.0000,0.0000,0.0000,0.0000,0.0000,0.0000,HTISLICN-A,1000,6233005008,2024,1,HTIS,USD,f
b6a835b3-1cc6-4b3e-a575-47de9d343221,2025-07-23 17:27:57.622,NMATAMOROS,2025-07-23 17:27:57.622,NMATAMOROS,0.0000,0.0000,0.0000,0.0000,0.0000,0.0000,0.0000,0.0000,0.0000,0.0000,0.0000,0.0000,HTISLICN-A,1000,7114005008,2024,1,HTIS,USD,f
5e625a00-0623-4b73-a0ce-b67b2eef1734,2025-07-23 17:27:57.622,NMATAMOROS,2025-07-23 17:27:57.622,NMATAMOROS,0.0000,0.0000,0.0000,0.0000,0.0000,0.0000,0.0000,0.0000,0.0000,0.0000,0.0000,0.0000,LIQUDSAP-A,1000,6233005008,2024,1,Liquid (Handheld/SAP),USD,f
c2c6a028-ce9a-415b-9a2b-97ad9281fb21,2025-07-23 17:27:57.622,NMATAMOROS,2025-07-23 17:27:57.622,NMATAMOROS,0.0000,0.0000,0.0000,0.0000,0.0000,0.0000,0.0000,0.0000,0.0000,0.0000,0.0000,0.0000,LIQUDSAP-A,1000,7114005008,2024,1,Liquid (Handheld/SAP),USD,f
d374e2c6-a7e4-458c-a79f-3376ea22a991,2025-07-23 17:27:57.622,NMATAMOROS,2025-07-23 17:27:57.622,NMATAMOROS,0.0000,0.0000,0.0000,0.0000,0.0000,0.0000,0.0000,0.0000,0.0000,0.0000,0.0000,0.0000,LIQUDSAP-A,1000,6233005008,2025,1,Liquid (Handheld/SAP),USD,f
268296e4-99cd-4468-9223-f6a2fef21766,2025-07-23 17:27:57.622,NMATAMOROS,2025-07-23 17:27:57.622,NMATAMOROS,0.0000,0.0000,0.0000,0.0000,0.0000,0.0000,0.0000,0.0000,0.0000,0.0000,0.0000,0.0000,LIQUDSAP-A,1000,7114005008,2025,1,Liquid (Handheld/SAP),USD,f
9f2db13e-d484-4163-98f2-4694b1f76871,2025-07-23 17:27:57.622,NMATAMOROS,2025-07-23 17:27:57.622,NMATAMOROS,32.0000,32.0000,32.0000,32.0000,32.0000,32.0000,32.0000,32.0000,32.0000,32.0000,32.0000,32.0000,MSPROJET-A,1000,6233005008,2025,1,Project Plan 3,USD,f
7464236b-c98d-491a-9b8e-138e620f0485,2025-07-23 17:27:57.622,NMATAMOROS,2025-07-23 17:27:57.622,NMATAMOROS,32.0000,32.0000,32.0000,32.0000,32.0000,32.0000,32.0000,32.0000,32.0000,32.0000,32.0000,32.0000,MSPROJET-A,1000,7114005008,2025,1,Project Plan 3,USD,f
8ee2ac12-bf41-4d9e-8247-c10ac75f49c7,2025-07-23 17:27:57.622,NMATAMOROS,2025-07-23 17:27:57.622,NMATAMOROS,17.0000,17.0000,17.0000,17.0000,17.0000,17.0000,17.0000,17.0000,17.0000,17.0000,17.0000,17.0000,MSVISIOP-A,1000,6233005008,2025,1,Ms Visio plan 2,USD,f
8d9a597f-53ec-4a5a-aad1-f3ddbd895638,2025-07-23 17:27:57.622,NMATAMOROS,2025-07-23 17:27:57.622,NMATAMOROS,17.0000,17.0000,17.0000,17.0000,17.0000,17.0000,17.0000,17.0000,17.0000,17.0000,17.0000,17.0000,MSVISIOP-A,1000,7114005008,2025,1,Ms Visio plan 2,USD,f
99e7ce66-dfcb-4ad4-bb2d-ccdd117d79da,2025-07-23 17:27:57.622,NMATAMOROS,2025-07-23 17:27:57.622,NMATAMOROS,0.0000,0.0000,0.0000,0.0000,0.0000,0.0000,0.0000,0.0000,0.0000,0.0000,0.0000,0.0000,OFFC2016-A,1000,6233005008,2024,1,Office 2016 - Renta,USD,f
0eeaab3a-c431-494b-97e2-92b8a66afef3,2025-07-23 17:27:57.622,NMATAMOROS,2025-07-23 17:27:57.622,NMATAMOROS,0.0000,0.0000,0.0000,0.0000,0.0000,0.0000,0.0000,0.0000,0.0000,0.0000,0.0000,0.0000,OFFC2016-A,1000,7114005008,2024,1,Office 2016 - Renta,USD,f
56feaec1-6872-4d66-9c76-5dfcf1e91357,2025-07-23 17:27:57.622,NMATAMOROS,2025-07-23 17:27:57.622,NMATAMOROS,10.0000,10.0000,10.0000,10.0000,10.0000,10.0000,10.0000,10.0000,10.0000,10.0000,10.0000,10.0000,OFFC2016-A,1000,6233005008,2025,1,Office 2016 - Renta,USD,f
204ab3a3-0c33-4e9e-872d-e600a16ee008,2025-07-23 17:27:57.622,NMATAMOROS,2025-07-23 17:27:57.622,NMATAMOROS,10.0000,10.0000,10.0000,10.0000,10.0000,10.0000,10.0000,10.0000,10.0000,10.0000,10.0000,10.0000,OFFC2016-A,1000,7114005008,2025,1,Office 2016 - Renta,USD,f
710807bc-f43d-44d2-b6b0-df92e4dada34,2025-07-23 17:27:57.622,NMATAMOROS,2025-07-23 17:27:57.622,NMATAMOROS,8339.4700,8339.4700,8339.4700,8339.4700,8339.4700,8339.4700,8339.4700,8339.4700,8339.4700,8339.4700,8339.4700,8339.4700,OTROSO01-A,1000,6233005008,2025,1,DATA CENTER,USD,f
d8fd59e5-ec8a-4b12-8a8a-06d58abcb059,2025-07-23 17:27:57.622,NMATAMOROS,2025-07-23 17:27:57.622,NMATAMOROS,8339.4700,8339.4700,8339.4700,8339.4700,8339.4700,8339.4700,8339.4700,8339.4700,8339.4700,8339.4700,8339.4700,8339.4700,OTROSO01-A,1000,7114005008,2025,1,DATA CENTER,USD,f
32770483-29c7-4823-a560-f55349da5c64,2025-07-23 17:27:57.622,NMATAMOROS,2025-07-23 17:27:57.622,NMATAMOROS,2565.4182,2565.4182,2565.4182,2565.4182,2565.4182,2565.4182,2565.4182,2565.4182,2565.4182,2565.4182,2565.4182,2565.4182,OTROSO01-B,1000,6233005008,2025,1,Renovación,USD,f
f7910854-f0fe-46df-ac17-cd9d3bc12cd8,2025-07-23 17:27:57.622,NMATAMOROS,2025-07-23 17:27:57.622,NMATAMOROS,2565.4182,2565.4182,2565.4182,2565.4182,2565.4182,2565.4182,2565.4182,2565.4182,2565.4182,2565.4182,2565.4182,2565.4182,OTROSO01-B,1000,7114005008,2025,1,Renovación,USD,f
85195944-49ec-43e8-8866-2bc08689ea25,2025-07-23 17:27:57.622,NMATAMOROS,2025-07-23 17:27:57.622,NMATAMOROS,787.5000,787.5000,787.5000,787.5000,787.5000,787.5000,787.5000,787.5000,787.5000,787.5000,787.5000,787.5000,OTROSO01-C,1000,6233005008,2025,1,Gestor de,USD,f
1c65e34b-0145-4097-be1c-a9ae7d80b7cd,2025-07-23 17:27:57.622,NMATAMOROS,2025-07-23 17:27:57.622,NMATAMOROS,787.5000,787.5000,787.5000,787.5000,787.5000,787.5000,787.5000,787.5000,787.5000,787.5000,787.5000,787.5000,OTROSO01-C,1000,7114005008,2025,1,Gestor de,USD,f
e8b4890d-bca7-4183-adf1-215141b9aeaa,2025-07-23 17:27:57.622,NMATAMOROS,2025-07-23 17:27:57.622,NMATAMOROS,1795.5000,1795.5000,1795.5000,1795.5000,1795.5000,1795.5000,1795.5000,1795.5000,1795.5000,1795.5000,1795.5000,1795.5000,OTROSO01-D,1000,6233005008,2025,1,Aplicación,USD,f
915c5c5f-a17a-4b9a-b19d-e30f3fab1b9a,2025-07-23 17:27:57.622,NMATAMOROS,2025-07-23 17:27:57.622,NMATAMOROS,1795.5000,1795.5000,1795.5000,1795.5000,1795.5000,1795.5000,1795.5000,1795.5000,1795.5000,1795.5000,1795.5000,1795.5000,OTROSO01-D,1000,7114005008,2025,1,Aplicación,USD,f
b9d10560-192a-46b0-b05f-81222a08767d,2025-07-23 17:27:57.622,NMATAMOROS,2025-07-23 17:27:57.622,NMATAMOROS,575.0000,575.0000,575.0000,575.0000,575.0000,575.0000,575.0000,575.0000,575.0000,575.0000,575.0000,575.0000,OTROSO01-E,1000,6233005008,2025,1,3 nuevo se,USD,f
835910f8-3d59-480c-85b5-bab0dfcaa1a7,2025-07-23 17:27:57.622,NMATAMOROS,2025-07-23 17:27:57.622,NMATAMOROS,575.0000,575.0000,575.0000,575.0000,575.0000,575.0000,575.0000,575.0000,575.0000,575.0000,575.0000,575.0000,OTROSO01-E,1000,7114005008,2025,1,3 nuevo se,USD,f
b2efa7fb-cb99-454d-bd13-88670af772e6,2025-07-23 17:27:57.622,NMATAMOROS,2025-07-23 17:27:57.622,NMATAMOROS,345.0000,345.0000,345.0000,345.0000,345.0000,345.0000,345.0000,345.0000,345.0000,345.0000,345.0000,345.0000,OTROSO01-F,1000,6233005008,2025,1,Incremento,USD,f
871e4375-514d-44a4-b665-468480bb704a,2025-07-23 17:27:57.622,NMATAMOROS,2025-07-23 17:27:57.622,NMATAMOROS,345.0000,345.0000,345.0000,345.0000,345.0000,345.0000,345.0000,345.0000,345.0000,345.0000,345.0000,345.0000,OTROSO01-F,1000,7114005008,2025,1,Incremento,USD,f
0b3cb52d-39a3-423f-8ac4-5d7a0ea2c22c,2025-07-23 17:27:57.622,NMATAMOROS,2025-07-23 17:27:57.622,NMATAMOROS,5525.5160,5525.5160,5525.5160,5525.5160,5525.5160,5525.5160,5525.5160,5525.5160,5525.5160,5525.5160,5525.5160,5525.5160,OTROSO01-G,1000,6233005008,2025,1,Renovacion,USD,f
276a35b6-60af-43c5-ba93-0ed7d9e7d497,2025-07-23 17:27:57.622,NMATAMOROS,2025-07-23 17:27:57.622,NMATAMOROS,5525.5160,5525.5160,5525.5160,5525.5160,5525.5160,5525.5160,5525.5160,5525.5160,5525.5160,5525.5160,5525.5160,5525.5160,OTROSO01-G,1000,7114005008,2025,1,Renovacion,USD,f
eaf20f33-3a0c-4c7d-b1d3-68731d9a358f,2025-07-23 17:27:57.622,NMATAMOROS,2025-07-23 17:27:57.622,NMATAMOROS,2762.7580,2762.7580,2762.7580,2762.7580,2762.7580,2762.7580,2762.7580,2762.7580,2762.7580,2762.7580,2762.7580,2762.7580,OTROSO01-H,1000,6233005008,2025,1,Renovacion,USD,f
461ea86e-1ac4-41e2-bcc8-881e9589074a,2025-07-23 17:27:57.622,NMATAMOROS,2025-07-23 17:27:57.622,NMATAMOROS,2762.7580,2762.7580,2762.7580,2762.7580,2762.7580,2762.7580,2762.7580,2762.7580,2762.7580,2762.7580,2762.7580,2762.7580,OTROSO01-H,1000,7114005008,2025,1,Renovacion,USD,f
ee83dcde-1e43-46cc-abfe-3b155f5f9f75,2025-07-23 17:27:57.622,NMATAMOROS,2025-07-23 17:27:57.622,NMATAMOROS,789.3594,789.3594,789.3594,789.3594,789.3594,789.3594,789.3594,789.3594,789.3594,789.3594,789.3594,789.3594,OTROSO01-I,1000,6233005008,2025,1,Seguridad,USD,f
faf67dd7-fd50-4392-84f7-7570ef7d689c,2025-07-23 17:27:57.622,NMATAMOROS,2025-07-23 17:27:57.622,NMATAMOROS,789.3594,789.3594,789.3594,789.3594,789.3594,789.3594,789.3594,789.3594,789.3594,789.3594,789.3594,789.3594,OTROSO01-I,1000,7114005008,2025,1,Seguridad,USD,f
3dd0b296-cf02-411e-9642-9b9f3d224e11,2025-07-23 17:27:57.622,NMATAMOROS,2025-07-23 17:27:57.622,NMATAMOROS,5130.8363,5130.8363,5130.8363,5130.8363,5130.8363,5130.8363,5130.8363,5130.8363,5130.8363,5130.8363,5130.8363,5130.8363,OTROSO01-J,1000,6233005008,2025,1,Active Dir,USD,f
2d6af4f6-8c08-4f2d-8c94-00a71d7a3f48,2025-07-23 17:27:57.622,NMATAMOROS,2025-07-23 17:27:57.622,NMATAMOROS,5130.8363,5130.8363,5130.8363,5130.8363,5130.8363,5130.8363,5130.8363,5130.8363,5130.8363,5130.8363,5130.8363,5130.8363,OTROSO01-J,1000,7114005008,2025,1,Active Dir,USD,f
b3e011c3-5b09-4cb6-8e9d-8a70f7b9a359,2025-07-23 17:27:57.622,NMATAMOROS,2025-07-23 17:27:57.622,NMATAMOROS,3354.7776,3354.7776,3354.7776,3354.7776,3354.7776,3354.7776,3354.7776,3354.7776,3354.7776,3354.7776,3354.7776,3354.7776,OTROSO01-K,1000,6233005008,2025,1,Replicació,USD,f
c198301c-c7a0-4546-b90a-6d78047390cc,2025-07-23 17:27:57.622,NMATAMOROS,2025-07-23 17:27:57.622,NMATAMOROS,3354.7776,3354.7776,3354.7776,3354.7776,3354.7776,3354.7776,3354.7776,3354.7776,3354.7776,3354.7776,3354.7776,3354.7776,OTROSO01-K,1000,7114005008,2025,1,Replicació,USD,f
0a6e7bf8-1d28-4d88-a854-195ccd360728,2025-07-23 17:27:57.622,NMATAMOROS,2025-07-23 17:27:57.622,NMATAMOROS,7498.9146,7498.9146,7498.9146,7498.9146,7498.9146,7498.9146,7498.9146,7498.9146,7498.9146,7498.9146,7498.9146,7498.9146,OTROSO01-L,1000,6233005008,2025,1,Forti Mail,USD,f
9146f6dc-33e0-4ac5-89eb-ac1ba6f8a509,2025-07-23 17:27:57.622,NMATAMOROS,2025-07-23 17:27:57.622,NMATAMOROS,7498.9146,7498.9146,7498.9146,7498.9146,7498.9146,7498.9146,7498.9146,7498.9146,7498.9146,7498.9146,7498.9146,7498.9146,OTROSO01-L,1000,7114005008,2025,1,Forti Mail,USD,f
eab26e4d-47c9-4ba3-9103-2db8ca0d41a8,2025-07-23 17:27:57.622,NMATAMOROS,2025-07-23 17:27:57.622,NMATAMOROS,1920.0000,1920.0000,1920.0000,1920.0000,1920.0000,1920.0000,1920.0000,1920.0000,1920.0000,1920.0000,1920.0000,1920.0000,OTROSO01-M,1000,6233005008,2025,1,Implementa,USD,f
696cdebc-2da9-4491-b297-fe9e208acc02,2025-07-23 17:27:57.622,NMATAMOROS,2025-07-23 17:27:57.622,NMATAMOROS,1920.0000,1920.0000,1920.0000,1920.0000,1920.0000,1920.0000,1920.0000,1920.0000,1920.0000,1920.0000,1920.0000,1920.0000,OTROSO01-M,1000,7114005008,2025,1,Implementa,USD,f
773ec9d4-9815-4f1a-8762-398de1cf4fb8,2025-07-23 17:27:57.622,NMATAMOROS,2025-07-23 17:27:57.622,NMATAMOROS,2751.2500,2751.2500,2751.2500,2751.2500,2751.2500,2751.2500,2751.2500,2751.2500,2751.2500,2751.2500,2751.2500,2751.2500,OTROSO01-N,1000,6233005008,2025,1,Copia de b,USD,f
1f215b6d-72b8-4980-bf30-1af4004ec06f,2025-07-23 17:27:57.622,NMATAMOROS,2025-07-23 17:27:57.622,NMATAMOROS,2751.2500,2751.2500,2751.2500,2751.2500,2751.2500,2751.2500,2751.2500,2751.2500,2751.2500,2751.2500,2751.2500,2751.2500,OTROSO01-N,1000,7114005008,2025,1,Copia de b,USD,f
a696b4bd-b030-46b3-9377-d84bdbf6669f,2025-07-23 17:27:57.622,NMATAMOROS,2025-07-23 17:27:57.622,NMATAMOROS,18750.0000,18750.0000,18750.0000,18750.0000,18750.0000,18750.0000,18750.0000,18750.0000,18750.0000,18750.0000,18750.0000,18750.0000,OTROSO01-O,1000,6233005008,2025,1,Instalacio,USD,f
c83cda26-7f39-427a-8587-ea198abbe2c8,2025-07-23 17:27:57.622,NMATAMOROS,2025-07-23 17:27:57.622,NMATAMOROS,18750.0000,18750.0000,18750.0000,18750.0000,18750.0000,18750.0000,18750.0000,18750.0000,18750.0000,18750.0000,18750.0000,18750.0000,OTROSO01-O,1000,7114005008,2025,1,Instalacio,USD,f
a24a1272-0cb6-41d6-b1af-fecfb4993a89,2025-07-23 17:27:57.622,NMATAMOROS,2025-07-23 17:27:57.622,NMATAMOROS,150.0000,150.0000,150.0000,150.0000,150.0000,150.0000,150.0000,150.0000,150.0000,150.0000,150.0000,150.0000,OTROSO01-P,1000,6233005008,2025,1,Aumento de,USD,f
66fff5d1-ddb7-4fa6-b4e0-df6b3350a315,2025-07-23 17:27:57.622,NMATAMOROS,2025-07-23 17:27:57.622,NMATAMOROS,150.0000,150.0000,150.0000,150.0000,150.0000,150.0000,150.0000,150.0000,150.0000,150.0000,150.0000,150.0000,OTROSO01-P,1000,7114005008,2025,1,Aumento de,USD,f
d16f76bf-e8eb-4c06-b284-fc1a856e24d9,2025-07-23 17:27:57.622,NMATAMOROS,2025-07-23 17:27:57.622,NMATAMOROS,250.0000,250.0000,250.0000,250.0000,250.0000,250.0000,250.0000,250.0000,250.0000,250.0000,250.0000,250.0000,OTROSO01-Q,1000,6233005008,2025,1,Aumento de,USD,f
01ae9ec5-75b0-491b-a78b-3917c5b96761,2025-07-23 17:27:57.622,NMATAMOROS,2025-07-23 17:27:57.622,NMATAMOROS,250.0000,250.0000,250.0000,250.0000,250.0000,250.0000,250.0000,250.0000,250.0000,250.0000,250.0000,250.0000,OTROSO01-Q,1000,7114005008,2025,1,Aumento de,USD,f
067aad82-d277-43af-8e83-81419d42d61a,2025-07-23 17:27:57.622,NMATAMOROS,2025-07-23 17:27:57.622,NMATAMOROS,30.0000,30.0000,30.0000,30.0000,30.0000,30.0000,30.0000,30.0000,30.0000,30.0000,30.0000,30.0000,OTROSO01-R,1000,6233005008,2025,1,2 Licencia,USD,f
21187fca-e40b-4766-99d8-aa9dd5cf4124,2025-07-23 17:27:57.622,NMATAMOROS,2025-07-23 17:27:57.622,NMATAMOROS,30.0000,30.0000,30.0000,30.0000,30.0000,30.0000,30.0000,30.0000,30.0000,30.0000,30.0000,30.0000,OTROSO01-R,1000,7114005008,2025,1,2 Licencia,USD,f
9a58beb1-d5d7-4474-86eb-6346760fcb90,2025-07-23 17:27:57.622,NMATAMOROS,2025-07-23 17:27:57.622,NMATAMOROS,735.0000,735.0000,735.0000,735.0000,735.0000,735.0000,735.0000,735.0000,735.0000,735.0000,735.0000,735.0000,OTROSO01-S,1000,6233005008,2025,1,Helpdesk I,USD,f
299d409f-b217-424c-be45-2ad6e6b9cb34,2025-07-23 17:27:57.622,NMATAMOROS,2025-07-23 17:27:57.622,NMATAMOROS,735.0000,735.0000,735.0000,735.0000,735.0000,735.0000,735.0000,735.0000,735.0000,735.0000,735.0000,735.0000,OTROSO01-S,1000,7114005008,2025,1,Helpdesk I,USD,f
6cbbb0b6-cb6a-40b2-864f-0c00b6216660,2025-07-23 17:27:57.622,NMATAMOROS,2025-07-23 17:27:57.622,NMATAMOROS,1933.9306,1933.9306,1933.9306,1933.9306,1933.9306,1933.9306,1933.9306,1933.9306,1933.9306,1933.9306,1933.9306,1933.9306,OTROSO01-T,1000,6233005008,2025,1,Servidor d,USD,f
18b8e8d8-3af9-4b09-a1aa-2b734c88c83b,2025-07-23 17:27:57.622,NMATAMOROS,2025-07-23 17:27:57.622,NMATAMOROS,1933.9306,1933.9306,1933.9306,1933.9306,1933.9306,1933.9306,1933.9306,1933.9306,1933.9306,1933.9306,1933.9306,1933.9306,OTROSO01-T,1000,7114005008,2025,1,Servidor d,USD,f
71987fc0-3a56-4edd-9e66-e8a99bb06b00,2025-07-23 17:27:57.622,NMATAMOROS,2025-07-23 17:27:57.622,NMATAMOROS,240.0000,240.0000,240.0000,240.0000,240.0000,240.0000,240.0000,240.0000,240.0000,240.0000,240.0000,240.0000,OTROSO01-U,1000,6233005008,2025,1,Adobe Phot,USD,f
f9aeff69-f57e-4be3-b203-ca77b72e6720,2025-07-23 17:27:57.622,NMATAMOROS,2025-07-23 17:27:57.622,NMATAMOROS,240.0000,240.0000,240.0000,240.0000,240.0000,240.0000,240.0000,240.0000,240.0000,240.0000,240.0000,240.0000,OTROSO01-U,1000,7114005008,2025,1,Adobe Phot,USD,f
c0648bc3-d13d-4651-bd4e-c30b0c2509bc,2025-07-23 17:27:57.622,NMATAMOROS,2025-07-23 17:27:57.622,NMATAMOROS,55.0000,55.0000,55.0000,55.0000,55.0000,55.0000,55.0000,55.0000,55.0000,55.0000,55.0000,55.0000,OTROSO01-V,1000,6233005008,2025,1,Canva,USD,f
944b66f0-d129-412a-b9d5-f7c89ccc205c,2025-07-23 17:27:57.622,NMATAMOROS,2025-07-23 17:27:57.622,NMATAMOROS,55.0000,55.0000,55.0000,55.0000,55.0000,55.0000,55.0000,55.0000,55.0000,55.0000,55.0000,55.0000,OTROSO01-V,1000,7114005008,2025,1,Canva,USD,f
7f104ee0-d750-4648-ada9-ffca4ff2d4ea,2025-07-23 17:27:57.622,NMATAMOROS,2025-07-23 17:27:57.622,NMATAMOROS,285.0000,285.0000,285.0000,285.0000,285.0000,285.0000,285.0000,285.0000,285.0000,285.0000,285.0000,285.0000,OTROSO01-W,1000,6233005008,2025,1,Helpdesk M,USD,f
3cd3551f-0b6b-46c8-9636-da142c32da9f,2025-07-23 17:27:57.622,NMATAMOROS,2025-07-23 17:27:57.622,NMATAMOROS,285.0000,285.0000,285.0000,285.0000,285.0000,285.0000,285.0000,285.0000,285.0000,285.0000,285.0000,285.0000,OTROSO01-W,1000,7114005008,2025,1,Helpdesk M,USD,f
cfea8b3b-1b18-4040-aecc-30564ae1d7a0,2025-07-23 17:27:57.622,NMATAMOROS,2025-07-23 17:27:57.622,NMATAMOROS,700.0000,700.0000,700.0000,700.0000,700.0000,700.0000,700.0000,700.0000,700.0000,700.0000,700.0000,700.0000,POSLICEN-A,1000,6233005008,2025,1,POS,USD,f
cfc31aa0-91a5-48f9-90ae-bf8905a1fe5e,2025-07-23 17:27:57.622,NMATAMOROS,2025-07-23 17:27:57.622,NMATAMOROS,700.0000,700.0000,700.0000,700.0000,700.0000,700.0000,700.0000,700.0000,700.0000,700.0000,700.0000,700.0000,POSLICEN-A,1000,7114005008,2025,1,POS,USD,f
56444e5f-4d63-4798-bc50-103b20206f6d,2025-07-23 17:27:57.622,NMATAMOROS,2025-07-23 17:27:57.622,NMATAMOROS,0.0000,0.0000,0.0000,0.0000,0.0000,0.0000,0.0000,0.0000,0.0000,0.0000,0.0000,0.0000,POSLICEN-A,1000,6233005008,2024,1,POS,USD,f
6b88830c-a282-4334-b595-547b4c7edbb5,2025-07-23 17:27:57.622,NMATAMOROS,2025-07-23 17:27:57.622,NMATAMOROS,0.0000,0.0000,0.0000,0.0000,0.0000,0.0000,0.0000,0.0000,0.0000,0.0000,0.0000,0.0000,POSLICEN-A,1000,7114005008,2024,1,POS,USD,f
07c89c4a-c8c2-4b87-8f24-8b221fe7474b,2025-07-23 17:27:57.622,NMATAMOROS,2025-07-23 17:27:57.622,NMATAMOROS,0.0000,0.0000,0.0000,0.0000,0.0000,0.0000,0.0000,0.0000,0.0000,0.0000,0.0000,0.0000,PWERBILN-A,1000,6233005008,2024,1,Power Bi,USD,f
17f4e98c-8753-4822-a783-2802e38c2445,2025-07-23 17:27:57.622,NMATAMOROS,2025-07-23 17:27:57.622,NMATAMOROS,0.0000,0.0000,0.0000,0.0000,0.0000,0.0000,0.0000,0.0000,0.0000,0.0000,0.0000,0.0000,PWERBILN-A,1000,7114005008,2024,1,Power Bi,USD,f
2a5cae0b-75ff-4101-824b-a8b86bae7d44,2025-07-23 17:27:57.622,NMATAMOROS,2025-07-23 17:27:57.622,NMATAMOROS,11.0400,11.0400,11.0400,11.0400,11.0400,11.0400,11.0400,11.0400,11.0400,11.0400,11.0400,11.0400,PWERBILN-A,1000,6233005008,2025,1,Power Bi,USD,f
7f74e5ba-9cad-4376-ab95-09b01be91da4,2025-07-23 17:27:57.622,NMATAMOROS,2025-07-23 17:27:57.622,NMATAMOROS,11.0400,11.0400,11.0400,11.0400,11.0400,11.0400,11.0400,11.0400,11.0400,11.0400,11.0400,11.0400,PWERBILN-A,1000,7114005008,2025,1,Power Bi,USD,f
1173f5aa-dab1-457e-9bb5-4b31f5e6f344,2025-07-23 17:27:57.622,NMATAMOROS,2025-07-23 17:27:57.622,NMATAMOROS,0.0000,0.0000,0.0000,0.0000,0.0000,0.0000,0.0000,0.0000,0.0000,0.0000,0.0000,0.0000,SAPLICEN-A,1000,6233005008,2024,1,SAP,USD,f
f4a6028f-3f07-43fa-9112-dda30b603473,2025-07-23 17:27:57.622,NMATAMOROS,2025-07-23 17:27:57.622,NMATAMOROS,0.0000,0.0000,0.0000,0.0000,0.0000,0.0000,0.0000,0.0000,0.0000,0.0000,0.0000,0.0000,SAPLICEN-A,1000,7114005008,2024,1,SAP,USD,f
6011306f-7a03-48b2-9865-3287408c067b,2025-07-23 17:27:57.622,NMATAMOROS,2025-07-23 17:27:57.622,NMATAMOROS,457.3153,457.3153,457.3153,457.3153,457.3153,457.3153,457.3153,457.3153,457.3153,457.3153,457.3153,457.3153,SAPLICEN-A,1000,6233005008,2025,1,SAP,USD,f
2d1e6842-9bc7-44f9-953a-df8de3dd8259,2025-07-23 17:27:57.622,NMATAMOROS,2025-07-23 17:27:57.622,NMATAMOROS,457.3153,457.3153,457.3153,457.3153,457.3153,457.3153,457.3153,457.3153,457.3153,457.3153,457.3153,457.3153,SAPLICEN-A,1000,7114005008,2025,1,SAP,USD,f
b08292c9-302e-4425-aa93-979bdf4da7c4,2025-07-23 17:27:57.622,NMATAMOROS,2025-07-23 17:27:57.622,NMATAMOROS,0.0000,0.0000,0.0000,0.0000,0.0000,0.0000,0.0000,0.0000,0.0000,0.0000,1490.4000,0.0000,SOTIPLAN-A,1000,6233005008,2025,1,SOTI,HNL,f
86e29d94-14c4-4aa8-a154-95544409db10,2025-07-23 17:27:57.622,NMATAMOROS,2025-07-23 17:27:57.622,NMATAMOROS,0.0000,0.0000,0.0000,0.0000,0.0000,0.0000,0.0000,0.0000,0.0000,0.0000,1490.4000,0.0000,SOTIPLAN-A,1000,7114005008,2025,1,SOTI,HNL,f
4ab2c729-abef-40fa-b05f-06cb82fca531,2025-07-23 17:27:57.622,NMATAMOROS,2025-07-23 17:27:57.622,NMATAMOROS,0.0000,0.0000,0.0000,0.0000,0.0000,0.0000,0.0000,0.0000,0.0000,0.0000,0.0000,0.0000,SRVERSAP-A,1000,6233005008,2025,1,Sitio Alterno Servidores de SAP en Nube,USD,f
3430042f-8a66-4857-ab72-a85aaf4e58ba,2025-07-23 17:27:57.622,NMATAMOROS,2025-07-23 17:27:57.622,NMATAMOROS,0.0000,0.0000,0.0000,0.0000,0.0000,0.0000,0.0000,0.0000,0.0000,0.0000,0.0000,0.0000,SRVERSAP-A,1000,7114005008,2025,1,Sitio Alterno Servidores de SAP en Nube,USD,f
b837a8a9-9870-4bf0-abb9-8be60ee40fd6,2025-07-23 17:27:57.622,NMATAMOROS,2025-07-23 17:27:57.622,NMATAMOROS,0.0000,0.0000,0.0000,0.0000,0.0000,0.0000,0.0000,0.0000,0.0000,0.0000,0.0000,0.0000,SRVERSAP-A,1000,6233005008,2024,1,Sitio Alterno Servidores de SAP en Nube,USD,f
af49bf1e-5c44-4b4e-b6fb-3a48262a44b0,2025-07-23 17:27:57.622,NMATAMOROS,2025-07-23 17:27:57.622,NMATAMOROS,0.0000,0.0000,0.0000,0.0000,0.0000,0.0000,0.0000,0.0000,0.0000,0.0000,0.0000,0.0000,SRVERSAP-A,1000,7114005008,2024,1,Sitio Alterno Servidores de SAP en Nube,USD,f
c349b1a9-929f-44d6-a316-99c0a081bfd4,2025-07-23 17:27:57.622,NMATAMOROS,2025-07-23 17:27:57.622,NMATAMOROS,25.0000,25.0000,25.0000,25.0000,25.0000,25.0000,25.0000,25.0000,25.0000,25.0000,25.0000,25.0000,TELEFO01-A,1000,6232515004,2025,1,TELEFONIA 1A,USD,f
f38d4427-3747-46d8-a0dc-28399b8d2d32,2025-07-23 17:27:57.622,NMATAMOROS,2025-07-23 17:27:57.622,NMATAMOROS,25.0000,25.0000,25.0000,25.0000,25.0000,25.0000,25.0000,25.0000,25.0000,25.0000,25.0000,25.0000,TELEFO01-A,1000,7113525004,2025,1,TELEFONIA 1A,USD,f
ac8261c5-15ae-4728-86d3-a9de78d6c8e7,2025-07-23 17:27:57.622,NMATAMOROS,2025-07-23 17:27:57.622,NMATAMOROS,22.0000,22.0000,22.0000,22.0000,22.0000,22.0000,22.0000,22.0000,22.0000,22.0000,22.0000,22.0000,TELEFO01-B,1000,6232515004,2025,1,TELEFONIA 1B,USD,f
3fdb4013-5513-4f00-a711-98a8ea49d28d,2025-07-23 17:27:57.622,NMATAMOROS,2025-07-23 17:27:57.622,NMATAMOROS,22.0000,22.0000,22.0000,22.0000,22.0000,22.0000,22.0000,22.0000,22.0000,22.0000,22.0000,22.0000,TELEFO01-B,1000,7113525004,2025,1,TELEFONIA 1B,USD,f
02bbf74c-eb23-4dfb-9089-487f42f8cc50,2025-07-23 17:27:57.622,NMATAMOROS,2025-07-23 17:27:57.622,NMATAMOROS,14.8400,14.8400,14.8400,14.8400,14.8400,14.8400,14.8400,14.8400,14.8400,14.8400,14.8400,14.8400,TELEFO01-C,1000,6232515004,2025,1,TELEFONIA 1C,USD,f
3f8c9175-866b-4951-bb68-152b6d19f8d9,2025-07-23 17:27:57.622,NMATAMOROS,2025-07-23 17:27:57.622,NMATAMOROS,14.8400,14.8400,14.8400,14.8400,14.8400,14.8400,14.8400,14.8400,14.8400,14.8400,14.8400,14.8400,TELEFO01-C,1000,7113525004,2025,1,TELEFONIA 1C,USD,f
0973b6b8-9211-40c5-9c80-493e66f53db5,2025-07-23 17:27:57.622,NMATAMOROS,2025-07-23 17:27:57.622,NMATAMOROS,15.7600,15.7600,15.7600,15.7600,15.7600,15.7600,15.7600,15.7600,15.7600,15.7600,15.7600,15.7600,TELEFO01-D,1000,6232515004,2025,1,TELEFONIA 1D,USD,f
df8804c8-b389-4e52-8b1d-930ae5c22f39,2025-07-23 17:27:57.622,NMATAMOROS,2025-07-23 17:27:57.622,NMATAMOROS,15.7600,15.7600,15.7600,15.7600,15.7600,15.7600,15.7600,15.7600,15.7600,15.7600,15.7600,15.7600,TELEFO01-D,1000,7113525004,2025,1,TELEFONIA 1D,USD,f
41aced71-23ea-4fcb-9dfb-364bfc8d4063,2025-07-23 17:27:57.622,NMATAMOROS,2025-07-23 17:27:57.622,NMATAMOROS,17.7100,17.7100,17.7100,17.7100,17.7100,17.7100,17.7100,17.7100,17.7100,17.7100,17.7100,17.7100,TELEFO01-E,1000,6232515004,2025,1,TELEFONIA 1E,USD,f
3f7af1b1-bb04-4270-a921-c59cc9fa7497,2025-07-23 17:27:57.622,NMATAMOROS,2025-07-23 17:27:57.622,NMATAMOROS,17.7100,17.7100,17.7100,17.7100,17.7100,17.7100,17.7100,17.7100,17.7100,17.7100,17.7100,17.7100,TELEFO01-E,1000,7113525004,2025,1,TELEFONIA 1E,USD,f
757d83f1-c614-485c-b8db-397c9fc08bf9,2025-07-23 17:27:57.622,NMATAMOROS,2025-07-23 17:27:57.622,NMATAMOROS,17.8300,17.8300,17.8300,17.8300,17.8300,17.8300,17.8300,17.8300,17.8300,17.8300,17.8300,17.8300,TELEFO01-F,1000,6232515004,2025,1,TELEFONIA 1F,USD,f
75b34f4c-9832-42fd-99b7-81a2804544ef,2025-07-23 17:27:57.622,NMATAMOROS,2025-07-23 17:27:57.622,NMATAMOROS,17.8300,17.8300,17.8300,17.8300,17.8300,17.8300,17.8300,17.8300,17.8300,17.8300,17.8300,17.8300,TELEFO01-F,1000,7113525004,2025,1,TELEFONIA 1F,USD,f
ad87d398-9045-4efd-ab6d-eececbbf090f,2025-07-23 17:27:57.622,NMATAMOROS,2025-07-23 17:27:57.622,NMATAMOROS,20.7000,20.7000,20.7000,20.7000,20.7000,20.7000,20.7000,20.7000,20.7000,20.7000,20.7000,20.7000,TELEFO01-G,1000,6232515004,2025,1,TELEFONIA 1G,USD,f
1262421a-3517-4d7e-97b7-d6fc0036e3ff,2025-07-23 17:27:57.622,NMATAMOROS,2025-07-23 17:27:57.622,NMATAMOROS,20.7000,20.7000,20.7000,20.7000,20.7000,20.7000,20.7000,20.7000,20.7000,20.7000,20.7000,20.7000,TELEFO01-G,1000,7113525004,2025,1,TELEFONIA 1G,USD,f
edaf388a-f82a-48f0-9b9d-cdfbe3399156,2025-07-23 17:27:57.622,NMATAMOROS,2025-07-23 17:27:57.622,NMATAMOROS,22.5900,22.5900,22.5900,22.5900,22.5900,22.5900,22.5900,22.5900,22.5900,22.5900,22.5900,22.5900,TELEFO01-H,1000,6232515004,2025,1,TELEFONIA 1H,USD,f
3476061b-f3e8-44ea-af3b-4349acf88014,2025-07-23 17:27:57.622,NMATAMOROS,2025-07-23 17:27:57.622,NMATAMOROS,22.5900,22.5900,22.5900,22.5900,22.5900,22.5900,22.5900,22.5900,22.5900,22.5900,22.5900,22.5900,TELEFO01-H,1000,7113525004,2025,1,TELEFONIA 1H,USD,f
d38e1f71-89ab-44db-a38d-d3fba253d339,2025-07-23 17:27:57.622,NMATAMOROS,2025-07-23 17:27:57.622,NMATAMOROS,23.4100,23.4100,23.4100,23.4100,23.4100,23.4100,23.4100,23.4100,23.4100,23.4100,23.4100,23.4100,TELEFO01-I,1000,6232515004,2025,1,TELEFONIA 1I,USD,f
74e28494-2566-4091-b7ff-96e17fa0a8a4,2025-07-23 17:27:57.622,NMATAMOROS,2025-07-23 17:27:57.622,NMATAMOROS,23.4100,23.4100,23.4100,23.4100,23.4100,23.4100,23.4100,23.4100,23.4100,23.4100,23.4100,23.4100,TELEFO01-I,1000,7113525004,2025,1,TELEFONIA 1I,USD,f
13ee3779-48c5-42fb-bfad-355b98a56869,2025-07-23 17:27:57.622,NMATAMOROS,2025-07-23 17:27:57.622,NMATAMOROS,25.4800,25.4800,25.4800,25.4800,25.4800,25.4800,25.4800,25.4800,25.4800,25.4800,25.4800,25.4800,TELEFO01-J,1000,6232515004,2025,1,TELEFONIA 1J,USD,f
a2757f89-5453-4925-933f-5d14c7d6cc21,2025-07-23 17:27:57.622,NMATAMOROS,2025-07-23 17:27:57.622,NMATAMOROS,25.4800,25.4800,25.4800,25.4800,25.4800,25.4800,25.4800,25.4800,25.4800,25.4800,25.4800,25.4800,TELEFO01-J,1000,7113525004,2025,1,TELEFONIA 1J,USD,f
4f62d9bf-85b2-47e8-bd19-18e9ea2f53cf,2025-07-23 17:27:57.622,NMATAMOROS,2025-07-23 17:27:57.622,NMATAMOROS,80.0000,80.0000,80.0000,80.0000,80.0000,80.0000,80.0000,80.0000,80.0000,80.0000,80.0000,80.0000,TELEFO01-K,1000,6232515004,2025,1,TELEFONIA 1K,USD,f
084eda07-aa9f-4e94-a39e-adced1044acb,2025-07-23 17:27:57.622,NMATAMOROS,2025-07-23 17:27:57.622,NMATAMOROS,80.0000,80.0000,80.0000,80.0000,80.0000,80.0000,80.0000,80.0000,80.0000,80.0000,80.0000,80.0000,TELEFO01-K,1000,7113525004,2025,1,TELEFONIA 1K,USD,f
9fcae93d-30de-40cf-a357-c0e7f91334ef,2025-07-23 17:27:57.622,NMATAMOROS,2025-07-23 17:27:57.622,NMATAMOROS,82.0000,82.0000,82.0000,82.0000,82.0000,82.0000,82.0000,82.0000,82.0000,82.0000,82.0000,82.0000,TELEFO01-L,1000,6232515004,2025,1,TELEFONIA 1L,USD,f
de884b61-6c61-40c1-9e2c-ba7162409b6d,2025-07-23 17:27:57.622,NMATAMOROS,2025-07-23 17:27:57.622,NMATAMOROS,82.0000,82.0000,82.0000,82.0000,82.0000,82.0000,82.0000,82.0000,82.0000,82.0000,82.0000,82.0000,TELEFO01-L,1000,7113525004,2025,1,TELEFONIA 1L,USD,f
f6877758-5c7d-4989-9835-19ddbeafd557,2025-07-23 17:27:57.622,NMATAMOROS,2025-07-23 17:27:57.622,NMATAMOROS,29.0000,29.0000,29.0000,29.0000,29.0000,29.0000,29.0000,29.0000,29.0000,29.0000,29.0000,29.0000,TELEFO01-M,1000,6232515004,2025,1,TELEFONIA 1M,USD,f
4b2a9d52-4b53-45af-8b0b-0f12a17abc55,2025-07-23 17:27:57.622,NMATAMOROS,2025-07-23 17:27:57.622,NMATAMOROS,29.0000,29.0000,29.0000,29.0000,29.0000,29.0000,29.0000,29.0000,29.0000,29.0000,29.0000,29.0000,TELEFO01-M,1000,7113525004,2025,1,TELEFONIA 1M,USD,f
0f87633d-07e4-4a40-93f8-b1cbebd6bd63,2025-07-23 17:27:57.622,NMATAMOROS,2025-07-23 17:27:57.622,NMATAMOROS,24.0000,24.0000,24.0000,24.0000,24.0000,24.0000,24.0000,24.0000,24.0000,24.0000,24.0000,24.0000,TELEFO01-N,1000,6232515004,2025,1,TELEFONIA 1N,USD,f
5d068ddc-b852-40bd-a9fa-bbc6df0e73a1,2025-07-23 17:27:57.622,NMATAMOROS,2025-07-23 17:27:57.622,NMATAMOROS,24.0000,24.0000,24.0000,24.0000,24.0000,24.0000,24.0000,24.0000,24.0000,24.0000,24.0000,24.0000,TELEFO01-N,1000,7113525004,2025,1,TELEFONIA 1N,USD,f
7c9fe6dd-7fec-4bfa-bc08-d394f51f0106,2025-07-23 17:27:57.622,NMATAMOROS,2025-07-23 17:27:57.622,NMATAMOROS,39.0000,39.0000,39.0000,39.0000,39.0000,39.0000,39.0000,39.0000,39.0000,39.0000,39.0000,39.0000,TELEFO01-O,1000,6232515004,2025,1,TELEFONIA 1O,USD,f
30b08023-c18d-470e-a012-317d41581812,2025-07-23 17:27:57.622,NMATAMOROS,2025-07-23 17:27:57.622,NMATAMOROS,39.0000,39.0000,39.0000,39.0000,39.0000,39.0000,39.0000,39.0000,39.0000,39.0000,39.0000,39.0000,TELEFO01-O,1000,7113525004,2025,1,TELEFONIA 1O,USD,f
15679c88-492b-4aa6-afea-e3be07eda159,2025-07-23 17:27:57.622,NMATAMOROS,2025-07-23 17:27:57.622,NMATAMOROS,26.0000,26.0000,26.0000,26.0000,26.0000,26.0000,26.0000,26.0000,26.0000,26.0000,26.0000,26.0000,TELEFO01-P,1000,6232515004,2025,1,TELEFONIA 1P,USD,f
840affc4-e50d-45c2-8919-00e390ac7d65,2025-07-23 17:27:57.622,NMATAMOROS,2025-07-23 17:27:57.622,NMATAMOROS,26.0000,26.0000,26.0000,26.0000,26.0000,26.0000,26.0000,26.0000,26.0000,26.0000,26.0000,26.0000,TELEFO01-P,1000,7113525004,2025,1,TELEFONIA 1P,USD,f
0e299ac0-6bd0-40c0-90d8-a63896121da0,2025-07-23 17:27:57.622,NMATAMOROS,2025-07-23 17:27:57.622,NMATAMOROS,28.0000,28.0000,28.0000,28.0000,28.0000,28.0000,28.0000,28.0000,28.0000,28.0000,28.0000,28.0000,TELEFO01-Q,1000,6232515004,2025,1,TELEFONIA 1Q,USD,f
064970a3-e7ec-4c0e-9ded-7863d28de22d,2025-07-23 17:27:57.622,NMATAMOROS,2025-07-23 17:27:57.622,NMATAMOROS,28.0000,28.0000,28.0000,28.0000,28.0000,28.0000,28.0000,28.0000,28.0000,28.0000,28.0000,28.0000,TELEFO01-Q,1000,7113525004,2025,1,TELEFONIA 1Q,USD,f
8b5e6ccb-66bb-45d7-81bb-3c6b3eba7d80,2025-07-23 17:27:57.622,NMATAMOROS,2025-07-23 17:27:57.622,NMATAMOROS,34.0000,34.0000,34.0000,34.0000,34.0000,34.0000,34.0000,34.0000,34.0000,34.0000,34.0000,34.0000,TELEFO01-R,1000,6232515004,2025,1,TELEFONIA 1R,USD,f
58381abf-7f00-4260-a7be-e18484cee621,2025-07-23 17:27:57.622,NMATAMOROS,2025-07-23 17:27:57.622,NMATAMOROS,34.0000,34.0000,34.0000,34.0000,34.0000,34.0000,34.0000,34.0000,34.0000,34.0000,34.0000,34.0000,TELEFO01-R,1000,7113525004,2025,1,TELEFONIA 1R,USD,f
c9465fa3-5b0c-458a-8b2c-2db98ba1c601,2025-07-23 17:27:57.622,NMATAMOROS,2025-07-23 17:27:57.622,NMATAMOROS,31.0400,31.0400,31.0400,31.0400,31.0400,31.0400,31.0400,31.0400,31.0400,31.0400,31.0400,31.0400,TELEFO01-S,1000,6232515004,2025,1,TELEFONIA 1S,USD,f
60fd2975-33e5-46a1-bc5d-7fef0d9271c5,2025-07-23 17:27:57.622,NMATAMOROS,2025-07-23 17:27:57.622,NMATAMOROS,31.0400,31.0400,31.0400,31.0400,31.0400,31.0400,31.0400,31.0400,31.0400,31.0400,31.0400,31.0400,TELEFO01-S,1000,7113525004,2025,1,TELEFONIA 1S,USD,f
f1777b74-56e5-4f6c-936d-37da2fdd8f59,2025-07-23 17:27:57.622,NMATAMOROS,2025-07-23 17:27:57.622,NMATAMOROS,38.7700,38.7700,38.7700,38.7700,38.7700,38.7700,38.7700,38.7700,38.7700,38.7700,38.7700,38.7700,TELEFO01-T,1000,6232515004,2025,1,TELEFONIA 1T,USD,f
fa17d6f6-cd2d-408e-9352-2f05e3cd20c6,2025-07-23 17:27:57.622,NMATAMOROS,2025-07-23 17:27:57.622,NMATAMOROS,38.7700,38.7700,38.7700,38.7700,38.7700,38.7700,38.7700,38.7700,38.7700,38.7700,38.7700,38.7700,TELEFO01-T,1000,7113525004,2025,1,TELEFONIA 1T,USD,f
38500dc0-74d9-44ca-97d6-a6f8197cf9f2,2025-07-23 17:27:57.622,NMATAMOROS,2025-07-23 17:27:57.622,NMATAMOROS,50.0000,50.0000,50.0000,50.0000,50.0000,50.0000,50.0000,50.0000,50.0000,50.0000,50.0000,50.0000,TELEFO01-U,1000,6232515004,2025,1,TELEFONIA 1U,USD,f
274fefcc-3f95-4675-bd05-1b87fcde4907,2025-07-23 17:27:57.622,NMATAMOROS,2025-07-23 17:27:57.622,NMATAMOROS,50.0000,50.0000,50.0000,50.0000,50.0000,50.0000,50.0000,50.0000,50.0000,50.0000,50.0000,50.0000,TELEFO01-U,1000,7113525004,2025,1,TELEFONIA 1U,USD,f
dca2e740-1c58-4fe4-9c1a-705711de89e1,2025-07-23 17:27:57.622,NMATAMOROS,2025-07-23 17:27:57.622,NMATAMOROS,43.0000,43.0000,43.0000,43.0000,43.0000,43.0000,43.0000,43.0000,43.0000,43.0000,43.0000,43.0000,TELEFO01-V,1000,6232515004,2025,1,TELEFONIA 1A,USD,f
f2a91944-488f-4ec0-88f5-9cfde5db487d,2025-07-23 17:27:57.622,NMATAMOROS,2025-07-23 17:27:57.622,NMATAMOROS,43.0000,43.0000,43.0000,43.0000,43.0000,43.0000,43.0000,43.0000,43.0000,43.0000,43.0000,43.0000,TELEFO01-V,1000,7113525004,2025,1,TELEFONIA 1A,USD,f
5da0af79-f207-4192-8071-2d7ffe34b330,2025-07-23 17:27:57.622,NMATAMOROS,2025-07-23 17:27:57.622,NMATAMOROS,0.0000,0.0000,0.0000,0.0000,0.0000,0.0000,0.0000,0.0000,0.0000,0.0000,0.0000,0.0000,TELEFONO-A,1000,6232515004,2024,1,Telefonía - Plan A,USD,f
c41a9183-b670-4253-b46a-161f2cc8999a,2025-07-23 17:27:57.622,NMATAMOROS,2025-07-23 17:27:57.622,NMATAMOROS,0.0000,0.0000,0.0000,0.0000,0.0000,0.0000,0.0000,0.0000,0.0000,0.0000,0.0000,0.0000,TELEFONO-A,1000,7113525004,2024,1,Telefonía - Plan A,USD,f
e813115a-b17f-4a21-b6ad-d99fc14eaac5,2025-07-23 17:27:57.622,NMATAMOROS,2025-07-23 17:27:57.622,NMATAMOROS,1.0400,1.0400,1.0400,1.0400,1.0400,1.0400,1.0400,1.0400,1.0400,1.0400,1.0400,1.0400,TELEFONO-A,1000,6232515004,2025,1,Telefonía - Plan A,USD,f
6adf680c-522d-4dd0-89b1-5d7333d5d77d,2025-07-23 17:27:57.622,NMATAMOROS,2025-07-23 17:27:57.622,NMATAMOROS,1.0400,1.0400,1.0400,1.0400,1.0400,1.0400,1.0400,1.0400,1.0400,1.0400,1.0400,1.0400,TELEFONO-A,1000,7113525004,2025,1,Telefonía - Plan A,USD,f
c7b2fae5-f0eb-433b-bab9-ffa3804b5acb,2025-07-23 17:27:57.622,NMATAMOROS,2025-07-23 17:27:57.622,NMATAMOROS,7.0000,7.0000,7.0000,7.0000,7.0000,7.0000,7.0000,7.0000,7.0000,7.0000,7.0000,7.0000,TELEFONO-B,1000,6232515004,2025,1,Telefonía - Plan B,USD,f
04db054b-a8b1-4138-850f-5340840d573d,2025-07-23 17:27:57.622,NMATAMOROS,2025-07-23 17:27:57.622,NMATAMOROS,7.0000,7.0000,7.0000,7.0000,7.0000,7.0000,7.0000,7.0000,7.0000,7.0000,7.0000,7.0000,TELEFONO-B,1000,7113525004,2025,1,Telefonía - Plan B,USD,f
b0bc9b11-1e67-4ed0-b55d-4855207b9583,2025-07-23 17:27:57.622,NMATAMOROS,2025-07-23 17:27:57.622,NMATAMOROS,0.0000,0.0000,0.0000,0.0000,0.0000,0.0000,0.0000,0.0000,0.0000,0.0000,0.0000,0.0000,TELEFONO-B,1000,6232515004,2024,1,Telefonía - Plan B,USD,f
15ed7062-5f44-4695-94b2-f91d1ce774a8,2025-07-23 17:27:57.622,NMATAMOROS,2025-07-23 17:27:57.622,NMATAMOROS,0.0000,0.0000,0.0000,0.0000,0.0000,0.0000,0.0000,0.0000,0.0000,0.0000,0.0000,0.0000,TELEFONO-B,1000,7113525004,2024,1,Telefonía - Plan B,USD,f
99ec0d04-ee9f-42be-a2c7-52bfa7c4f6f9,2025-07-23 17:27:57.622,NMATAMOROS,2025-07-23 17:27:57.622,NMATAMOROS,0.0000,0.0000,0.0000,0.0000,0.0000,0.0000,0.0000,0.0000,0.0000,0.0000,0.0000,0.0000,TELEFONO-C,1000,6232515004,2024,1,Telefonía - Plan C,USD,f
11b2b1f8-4c8d-452b-99d5-3e0de817aae7,2025-07-23 17:27:57.622,NMATAMOROS,2025-07-23 17:27:57.622,NMATAMOROS,0.0000,0.0000,0.0000,0.0000,0.0000,0.0000,0.0000,0.0000,0.0000,0.0000,0.0000,0.0000,TELEFONO-C,1000,7113525004,2024,1,Telefonía - Plan C,USD,f
1672a563-a9ae-42b7-a0b2-e45d61d7f016,2025-07-23 17:27:57.622,NMATAMOROS,2025-07-23 17:27:57.622,NMATAMOROS,6.0000,6.0000,6.0000,6.0000,6.0000,6.0000,6.0000,6.0000,6.0000,6.0000,6.0000,6.0000,TELEFONO-C,1000,6232515004,2025,1,Telefonía - Plan C,USD,f
ad9a5c68-7db2-4d13-b873-bbb283631631,2025-07-23 17:27:57.622,NMATAMOROS,2025-07-23 17:27:57.622,NMATAMOROS,6.0000,6.0000,6.0000,6.0000,6.0000,6.0000,6.0000,6.0000,6.0000,6.0000,6.0000,6.0000,TELEFONO-C,1000,7113525004,2025,1,Telefonía - Plan C,USD,f
d74c858b-f501-4b4b-bf9f-b30073bc55ba,2025-07-23 17:27:57.622,NMATAMOROS,2025-07-23 17:27:57.622,NMATAMOROS,0.0000,0.0000,0.0000,0.0000,0.0000,0.0000,0.0000,0.0000,0.0000,0.0000,0.0000,0.0000,TELEFONO-D,1000,6232515004,2024,1,Telefonía - Plan D,USD,f
c6a11083-4adf-481b-ac69-2b83dd890c4e,2025-07-23 17:27:57.622,NMATAMOROS,2025-07-23 17:27:57.622,NMATAMOROS,0.0000,0.0000,0.0000,0.0000,0.0000,0.0000,0.0000,0.0000,0.0000,0.0000,0.0000,0.0000,TELEFONO-D,1000,7113525004,2024,1,Telefonía - Plan D,USD,f
e2153661-05f8-4904-95bd-dfed0c072da5,2025-07-23 17:27:57.622,NMATAMOROS,2025-07-23 17:27:57.622,NMATAMOROS,10.0000,10.0000,10.0000,10.0000,10.0000,10.0000,10.0000,10.0000,10.0000,10.0000,10.0000,10.0000,TELEFONO-D,1000,6232515004,2025,1,Telefonía - Plan D,USD,f
d78d23d0-7b11-4525-b407-488950be7d6f,2025-07-23 17:27:57.622,NMATAMOROS,2025-07-23 17:27:57.622,NMATAMOROS,10.0000,10.0000,10.0000,10.0000,10.0000,10.0000,10.0000,10.0000,10.0000,10.0000,10.0000,10.0000,TELEFONO-D,1000,7113525004,2025,1,Telefonía - Plan D,USD,f
ee808e0a-2e39-4566-8831-cd3cc6e4362d,2025-07-23 17:27:57.622,NMATAMOROS,2025-07-23 17:27:57.622,NMATAMOROS,16.0000,16.0000,16.0000,16.0000,16.0000,16.0000,16.0000,16.0000,16.0000,16.0000,16.0000,16.0000,TELEFONO-E,1000,6232515004,2025,1,Telefonía - Plan E,USD,f
84b88b61-3af0-4d5e-9a26-a35db9162b08,2025-07-23 17:27:57.622,NMATAMOROS,2025-07-23 17:27:57.622,NMATAMOROS,16.0000,16.0000,16.0000,16.0000,16.0000,16.0000,16.0000,16.0000,16.0000,16.0000,16.0000,16.0000,TELEFONO-E,1000,7113525004,2025,1,Telefonía - Plan E,USD,f
c48b6354-a6b3-4a67-828b-adfe8cbe499a,2025-07-23 17:27:57.622,NMATAMOROS,2025-07-23 17:27:57.622,NMATAMOROS,0.0000,0.0000,0.0000,0.0000,0.0000,0.0000,0.0000,0.0000,0.0000,0.0000,0.0000,0.0000,TELEFONO-E,1000,6232515004,2024,1,Telefonía - Plan E,USD,f
afbeeab0-13bc-46b7-bab5-c71733b608bc,2025-07-23 17:27:57.622,NMATAMOROS,2025-07-23 17:27:57.622,NMATAMOROS,0.0000,0.0000,0.0000,0.0000,0.0000,0.0000,0.0000,0.0000,0.0000,0.0000,0.0000,0.0000,TELEFONO-E,1000,7113525004,2024,1,Telefonía - Plan E,USD,f
fa5731cc-3878-47f5-8f8f-3001f510e1fa,2025-07-23 17:27:57.622,NMATAMOROS,2025-07-23 17:27:57.622,NMATAMOROS,15.0000,15.0000,15.0000,15.0000,15.0000,15.0000,15.0000,15.0000,15.0000,15.0000,15.0000,15.0000,TELEFONO-F,1000,6232515004,2025,1,Telefonía - Plan F,USD,f
3e8728b1-ff5a-40b1-9949-6a07d5ca2cd2,2025-07-23 17:27:57.622,NMATAMOROS,2025-07-23 17:27:57.622,NMATAMOROS,15.0000,15.0000,15.0000,15.0000,15.0000,15.0000,15.0000,15.0000,15.0000,15.0000,15.0000,15.0000,TELEFONO-F,1000,7113525004,2025,1,Telefonía - Plan F,USD,f
646b9c9f-86b1-4cda-a4a1-d3575dbfb0af,2025-07-23 17:27:57.622,NMATAMOROS,2025-07-23 17:27:57.622,NMATAMOROS,0.0000,0.0000,0.0000,0.0000,0.0000,0.0000,0.0000,0.0000,0.0000,0.0000,0.0000,0.0000,TELEFONO-F,1000,6232515004,2024,1,Telefonía - Plan F,USD,f
9257336f-fe00-4732-af97-edaea43a7384,2025-07-23 17:27:57.622,NMATAMOROS,2025-07-23 17:27:57.622,NMATAMOROS,0.0000,0.0000,0.0000,0.0000,0.0000,0.0000,0.0000,0.0000,0.0000,0.0000,0.0000,0.0000,TELEFONO-F,1000,7113525004,2024,1,Telefonía - Plan F,USD,f
00d86e4d-4c3c-490e-916a-6f1859fc13ec,2025-07-23 17:27:57.622,NMATAMOROS,2025-07-23 17:27:57.622,NMATAMOROS,30.0000,30.0000,30.0000,30.0000,30.0000,30.0000,30.0000,30.0000,30.0000,30.0000,30.0000,30.0000,TELEFONO-G,1000,6232515004,2025,1,Telefonía - Plan G,USD,f
936e746b-5fa3-4c33-b11e-710624b38b6d,2025-07-23 17:27:57.622,NMATAMOROS,2025-07-23 17:27:57.622,NMATAMOROS,30.0000,30.0000,30.0000,30.0000,30.0000,30.0000,30.0000,30.0000,30.0000,30.0000,30.0000,30.0000,TELEFONO-G,1000,7113525004,2025,1,Telefonía - Plan G,USD,f
c4343172-06d7-4c77-8ddc-1dd843ecc3f2,2025-07-23 17:27:57.622,NMATAMOROS,2025-07-23 17:27:57.622,NMATAMOROS,0.0000,0.0000,0.0000,0.0000,0.0000,0.0000,0.0000,0.0000,0.0000,0.0000,0.0000,0.0000,TELEFONO-G,1000,6232515004,2024,1,Telefonía - Plan G,USD,f
eac0a312-8aa8-440c-bc3b-2ec5269b2df0,2025-07-23 17:27:57.622,NMATAMOROS,2025-07-23 17:27:57.622,NMATAMOROS,0.0000,0.0000,0.0000,0.0000,0.0000,0.0000,0.0000,0.0000,0.0000,0.0000,0.0000,0.0000,TELEFONO-G,1000,7113525004,2024,1,Telefonía - Plan G,USD,f
37b88a53-2562-4fa0-a46f-24f072420c9a,2025-07-23 17:27:57.622,NMATAMOROS,2025-07-23 17:27:57.622,NMATAMOROS,40.0000,40.0000,40.0000,40.0000,40.0000,40.0000,40.0000,40.0000,40.0000,40.0000,40.0000,40.0000,TELEFONO-H,1000,6232515004,2025,1,Telefonía - Plan H,USD,f
a93deb5d-12de-4310-a14b-683fd9572b8a,2025-07-23 17:27:57.622,NMATAMOROS,2025-07-23 17:27:57.622,NMATAMOROS,40.0000,40.0000,40.0000,40.0000,40.0000,40.0000,40.0000,40.0000,40.0000,40.0000,40.0000,40.0000,TELEFONO-H,1000,7113525004,2025,1,Telefonía - Plan H,USD,f
22efefe2-3b09-4e4f-9a8b-57e046f2e053,2025-07-23 17:27:57.622,NMATAMOROS,2025-07-23 17:27:57.622,NMATAMOROS,0.0000,0.0000,0.0000,0.0000,0.0000,0.0000,0.0000,0.0000,0.0000,0.0000,0.0000,0.0000,TELEFONO-H,1000,6232515004,2024,1,Telefonía - Plan H,USD,f
d9114f5c-b406-4042-8c1c-31f36622f4e1,2025-07-23 17:27:57.622,NMATAMOROS,2025-07-23 17:27:57.622,NMATAMOROS,0.0000,0.0000,0.0000,0.0000,0.0000,0.0000,0.0000,0.0000,0.0000,0.0000,0.0000,0.0000,TELEFONO-H,1000,7113525004,2024,1,Telefonía - Plan H,USD,f
a87d6b6a-c1fd-485d-8ce9-1278dbd14300,2025-07-23 17:27:57.622,NMATAMOROS,2025-07-23 17:27:57.622,NMATAMOROS,60.0000,60.0000,60.0000,60.0000,60.0000,60.0000,60.0000,60.0000,60.0000,60.0000,60.0000,60.0000,TELEFONO-I,1000,6232515004,2025,1,Telefonía - Plan I,USD,f
8acd076d-36a9-49c9-a80d-e68243a51058,2025-07-23 17:27:57.622,NMATAMOROS,2025-07-23 17:27:57.622,NMATAMOROS,60.0000,60.0000,60.0000,60.0000,60.0000,60.0000,60.0000,60.0000,60.0000,60.0000,60.0000,60.0000,TELEFONO-I,1000,7113525004,2025,1,Telefonía - Plan I,USD,f
da92ce61-684e-4e06-b0f3-7af118d426bf,2025-07-23 17:27:57.622,NMATAMOROS,2025-07-23 17:27:57.622,NMATAMOROS,0.0000,0.0000,0.0000,0.0000,0.0000,0.0000,0.0000,0.0000,0.0000,0.0000,0.0000,0.0000,TELEFONO-I,1000,6232515004,2024,1,Telefonía - Plan I,USD,f
824222b9-cb07-4159-a740-75f1105b8a24,2025-07-23 17:27:57.622,NMATAMOROS,2025-07-23 17:27:57.622,NMATAMOROS,0.0000,0.0000,0.0000,0.0000,0.0000,0.0000,0.0000,0.0000,0.0000,0.0000,0.0000,0.0000,TELEFONO-I,1000,7113525004,2024,1,Telefonía - Plan I,USD,f
2c2bae5d-da4f-4c9b-9741-c5f577365a1f,2025-07-23 17:27:57.622,NMATAMOROS,2025-07-23 17:27:57.622,NMATAMOROS,0.0000,0.0000,0.0000,0.0000,0.0000,0.0000,0.0000,0.0000,0.0000,0.0000,0.0000,0.0000,TELEFONO-J,1000,6232515004,2024,1,Telefonía - Plan J,USD,f
eecaa381-1715-4068-9525-f0512d285b90,2025-07-23 17:27:57.622,NMATAMOROS,2025-07-23 17:27:57.622,NMATAMOROS,0.0000,0.0000,0.0000,0.0000,0.0000,0.0000,0.0000,0.0000,0.0000,0.0000,0.0000,0.0000,TELEFONO-J,1000,7113525004,2024,1,Telefonía - Plan J,USD,f
ed93d492-eabf-4376-9301-2ed20692d739,2025-07-23 17:27:57.622,NMATAMOROS,2025-07-23 17:27:57.622,NMATAMOROS,11.8300,11.8300,11.8300,11.8300,11.8300,11.8300,11.8300,11.8300,11.8300,11.8300,11.8300,11.8300,TELEFONO-J,1000,6232515004,2025,1,Telefonía - Plan J,USD,f
83377fa4-ef8d-46eb-a7ed-399f0b9b4172,2025-07-23 17:27:57.622,NMATAMOROS,2025-07-23 17:27:57.622,NMATAMOROS,11.8300,11.8300,11.8300,11.8300,11.8300,11.8300,11.8300,11.8300,11.8300,11.8300,11.8300,11.8300,TELEFONO-J,1000,7113525004,2025,1,Telefonía - Plan J,USD,f
22880727-8b55-4368-90a5-2145861ea05e,2025-07-23 17:27:57.622,NMATAMOROS,2025-07-23 17:27:57.622,NMATAMOROS,17.0900,17.0900,17.0900,17.0900,17.0900,17.0900,17.0900,17.0900,17.0900,17.0900,17.0900,17.0900,TELEFONO-K,1000,6232515004,2025,1,Telefonía - Plan K,USD,f
32b421a9-16a7-43eb-bf50-c077befe8612,2025-07-23 17:27:57.622,NMATAMOROS,2025-07-23 17:27:57.622,NMATAMOROS,17.0900,17.0900,17.0900,17.0900,17.0900,17.0900,17.0900,17.0900,17.0900,17.0900,17.0900,17.0900,TELEFONO-K,1000,7113525004,2025,1,Telefonía - Plan K,USD,f
13437acd-9e91-4278-bddd-84fa841b4f1d,2025-07-23 17:27:57.622,NMATAMOROS,2025-07-23 17:27:57.622,NMATAMOROS,0.0000,0.0000,0.0000,0.0000,0.0000,0.0000,0.0000,0.0000,0.0000,0.0000,0.0000,0.0000,TELEFONO-K,1000,6232515004,2024,1,Telefonía - Plan K,USD,f
53568c0a-b9b7-427e-91bf-9f4cd6c98277,2025-07-23 17:27:57.622,NMATAMOROS,2025-07-23 17:27:57.622,NMATAMOROS,0.0000,0.0000,0.0000,0.0000,0.0000,0.0000,0.0000,0.0000,0.0000,0.0000,0.0000,0.0000,TELEFONO-K,1000,7113525004,2024,1,Telefonía - Plan K,USD,f
c0f28310-1e75-48d2-aaca-eb3bd4da49fe,2025-07-23 17:27:57.622,NMATAMOROS,2025-07-23 17:27:57.622,NMATAMOROS,0.0000,0.0000,0.0000,0.0000,0.0000,0.0000,0.0000,0.0000,0.0000,0.0000,0.0000,0.0000,TELEFONO-L,1000,6232515004,2024,1,Telefonía - Plan L,USD,f
908988e5-d6cf-4548-b005-e4e1583204a8,2025-07-23 17:27:57.622,NMATAMOROS,2025-07-23 17:27:57.622,NMATAMOROS,0.0000,0.0000,0.0000,0.0000,0.0000,0.0000,0.0000,0.0000,0.0000,0.0000,0.0000,0.0000,TELEFONO-L,1000,7113525004,2024,1,Telefonía - Plan L,USD,f
a4105302-b8e0-47c0-8084-c50470803dfa,2025-07-23 17:27:57.622,NMATAMOROS,2025-07-23 17:27:57.622,NMATAMOROS,35.0000,35.0000,35.0000,35.0000,35.0000,35.0000,35.0000,35.0000,35.0000,35.0000,35.0000,35.0000,TELEFONO-L,1000,6232515004,2025,1,Telefonía - Plan L,USD,f
7684ba8f-22d8-47a2-9380-0df48bca7149,2025-07-23 17:27:57.622,NMATAMOROS,2025-07-23 17:27:57.622,NMATAMOROS,35.0000,35.0000,35.0000,35.0000,35.0000,35.0000,35.0000,35.0000,35.0000,35.0000,35.0000,35.0000,TELEFONO-L,1000,7113525004,2025,1,Telefonía - Plan L,USD,f
41075d09-ea6c-4001-887c-7ab58552e9bb,2025-07-23 17:27:57.622,NMATAMOROS,2025-07-23 17:27:57.622,NMATAMOROS,0.0000,0.0000,0.0000,0.0000,0.0000,0.0000,0.0000,0.0000,0.0000,0.0000,0.0000,0.0000,TELEFONO-M,1000,6232515004,2024,1,Telefonía - Plan M,USD,f
b55b146b-0afa-47bf-8b53-2fc072bb43d1,2025-07-23 17:27:57.622,NMATAMOROS,2025-07-23 17:27:57.622,NMATAMOROS,0.0000,0.0000,0.0000,0.0000,0.0000,0.0000,0.0000,0.0000,0.0000,0.0000,0.0000,0.0000,TELEFONO-M,1000,7113525004,2024,1,Telefonía - Plan M,USD,f
0ce3bc28-2344-4289-8327-d8f4fc5b7476,2025-07-23 17:27:57.622,NMATAMOROS,2025-07-23 17:27:57.622,NMATAMOROS,17.0000,17.0000,17.0000,17.0000,17.0000,17.0000,17.0000,17.0000,17.0000,17.0000,17.0000,17.0000,TELEFONO-M,1000,6232515004,2025,1,Telefonía - Plan M,USD,f
ba891c6a-4afa-4909-a287-ada53f7e435c,2025-07-23 17:27:57.622,NMATAMOROS,2025-07-23 17:27:57.622,NMATAMOROS,17.0000,17.0000,17.0000,17.0000,17.0000,17.0000,17.0000,17.0000,17.0000,17.0000,17.0000,17.0000,TELEFONO-M,1000,7113525004,2025,1,Telefonía - Plan M,USD,f
7a73bb25-abc5-43e0-9371-5c9baaecfe36,2025-07-23 17:27:57.622,NMATAMOROS,2025-07-23 17:27:57.622,NMATAMOROS,19.0000,19.0000,19.0000,19.0000,19.0000,19.0000,19.0000,19.0000,19.0000,19.0000,19.0000,19.0000,TELEFONO-N,1000,6232515004,2025,1,Telefonía - Plan N,USD,f
d3f6f42a-a257-4f8f-bb01-0b34193365d6,2025-07-23 17:27:57.622,NMATAMOROS,2025-07-23 17:27:57.622,NMATAMOROS,19.0000,19.0000,19.0000,19.0000,19.0000,19.0000,19.0000,19.0000,19.0000,19.0000,19.0000,19.0000,TELEFONO-N,1000,7113525004,2025,1,Telefonía - Plan N,USD,f
b471165b-c935-4353-bd13-047ba577f977,2025-07-23 17:27:57.622,NMATAMOROS,2025-07-23 17:27:57.622,NMATAMOROS,20.0000,20.0000,20.0000,20.0000,20.0000,20.0000,20.0000,20.0000,20.0000,20.0000,20.0000,20.0000,TELEFONO-O,1000,6232515004,2025,1,Telefonía - Plan O,USD,f
d1da9f6a-0808-44a2-b768-57386e617b54,2025-07-23 17:27:57.622,NMATAMOROS,2025-07-23 17:27:57.622,NMATAMOROS,20.0000,20.0000,20.0000,20.0000,20.0000,20.0000,20.0000,20.0000,20.0000,20.0000,20.0000,20.0000,TELEFONO-O,1000,7113525004,2025,1,Telefonía - Plan O,USD,f
4032d8eb-44f1-47e1-9bae-a4465183bd47,2025-07-23 17:27:57.622,NMATAMOROS,2025-07-23 17:27:57.622,NMATAMOROS,21.0000,21.0000,21.0000,21.0000,21.0000,21.0000,21.0000,21.0000,21.0000,21.0000,21.0000,21.0000,TELEFONO-P,1000,6232515004,2025,1,Telefonía - Plan 16,USD,f
45c9b432-5aff-47d7-bdd3-cecc0e9a46af,2025-07-23 17:27:57.622,NMATAMOROS,2025-07-23 17:27:57.622,NMATAMOROS,21.0000,21.0000,21.0000,21.0000,21.0000,21.0000,21.0000,21.0000,21.0000,21.0000,21.0000,21.0000,TELEFONO-P,1000,7113525004,2025,1,Telefonía - Plan 16,USD,f
c26e7cb6-2257-48c0-a571-d3617e5c872a,2025-07-23 17:27:57.622,NMATAMOROS,2025-07-23 17:27:57.622,NMATAMOROS,38.0000,38.0000,38.0000,38.0000,38.0000,38.0000,38.0000,38.0000,38.0000,38.0000,38.0000,38.0000,TELEFONO-Q,1000,6232515004,2025,1,Telefonía - Plan 17,USD,f
60886645-aeba-4df6-9236-624fa029c6df,2025-07-23 17:27:57.622,NMATAMOROS,2025-07-23 17:27:57.622,NMATAMOROS,38.0000,38.0000,38.0000,38.0000,38.0000,38.0000,38.0000,38.0000,38.0000,38.0000,38.0000,38.0000,TELEFONO-Q,1000,7113525004,2025,1,Telefonía - Plan 17,USD,f
379626cd-4c3f-45ef-8c90-e6915127edf9,2025-07-23 17:27:57.622,NMATAMOROS,2025-07-23 17:27:57.622,NMATAMOROS,37.0000,37.0000,37.0000,37.0000,37.0000,37.0000,37.0000,37.0000,37.0000,37.0000,37.0000,37.0000,TELEFONO-R,1000,6232515004,2025,1,Telefonía - Plan 18,USD,f
c9dd4dcd-a752-43aa-9d96-bae0f487ed92,2025-07-23 17:27:57.622,NMATAMOROS,2025-07-23 17:27:57.622,NMATAMOROS,37.0000,37.0000,37.0000,37.0000,37.0000,37.0000,37.0000,37.0000,37.0000,37.0000,37.0000,37.0000,TELEFONO-R,1000,7113525004,2025,1,Telefonía - Plan 18,USD,f
e8258489-11ab-45ab-a05b-37e337c39da3,2025-07-23 17:27:57.622,NMATAMOROS,2025-07-23 17:27:57.622,NMATAMOROS,14.0000,14.0000,14.0000,14.0000,14.0000,14.0000,14.0000,14.0000,14.0000,14.0000,14.0000,14.0000,TELEFONO-S,1000,6232515004,2025,1,Telefonía - Plan 19,USD,f
358a6440-a388-4441-8c94-1f52512b7947,2025-07-23 17:27:57.622,NMATAMOROS,2025-07-23 17:27:57.622,NMATAMOROS,14.0000,14.0000,14.0000,14.0000,14.0000,14.0000,14.0000,14.0000,14.0000,14.0000,14.0000,14.0000,TELEFONO-S,1000,7113525004,2025,1,Telefonía - Plan 19,USD,f
247172ce-f20c-4ee7-8a72-ac1545d9bddc,2025-07-23 17:27:57.622,NMATAMOROS,2025-07-23 17:27:57.622,NMATAMOROS,18.0000,18.0000,18.0000,18.0000,18.0000,18.0000,18.0000,18.0000,18.0000,18.0000,18.0000,18.0000,TELEFONO-T,1000,6232515004,2025,1,Telefonía - Plan 20,USD,f
eb319e80-c9f1-41e1-baa7-b04e467bdf51,2025-07-23 17:27:57.622,NMATAMOROS,2025-07-23 17:27:57.622,NMATAMOROS,18.0000,18.0000,18.0000,18.0000,18.0000,18.0000,18.0000,18.0000,18.0000,18.0000,18.0000,18.0000,TELEFONO-T,1000,7113525004,2025,1,Telefonía - Plan 20,USD,f
4a1bf01c-f411-41ea-ba20-152d8fd87698,2025-07-23 17:27:57.622,NMATAMOROS,2025-07-23 17:27:57.622,NMATAMOROS,17.5500,17.5500,17.5500,17.5500,17.5500,17.5500,17.5500,17.5500,17.5500,17.5500,17.5500,17.5500,TELEFONO-U,1000,6232515004,2025,1,Telefonía - Plan 21,USD,f
18e10170-4558-4172-8f59-7fb2d21301e6,2025-07-23 17:27:57.622,NMATAMOROS,2025-07-23 17:27:57.622,NMATAMOROS,17.5500,17.5500,17.5500,17.5500,17.5500,17.5500,17.5500,17.5500,17.5500,17.5500,17.5500,17.5500,TELEFONO-U,1000,7113525004,2025,1,Telefonía - Plan 21,USD,f
c4658ccb-20b3-4d43-b7f3-bb6e2eaab1f5,2025-07-23 17:27:57.622,NMATAMOROS,2025-07-23 17:27:57.622,NMATAMOROS,17.2500,17.2500,17.2500,17.2500,17.2500,17.2500,17.2500,17.2500,17.2500,17.2500,17.2500,17.2500,TELEFONO-V,1000,6232515004,2025,1,Telefonía - Plan 22,USD,f
7ae40af9-a91c-4320-b161-09781354424b,2025-07-23 17:27:57.622,NMATAMOROS,2025-07-23 17:27:57.622,NMATAMOROS,17.2500,17.2500,17.2500,17.2500,17.2500,17.2500,17.2500,17.2500,17.2500,17.2500,17.2500,17.2500,TELEFONO-V,1000,7113525004,2025,1,Telefonía - Plan 22,USD,f
23a9edd6-2307-4782-b3f0-50957b270a06,2025-07-23 17:27:57.622,NMATAMOROS,2025-07-23 17:27:57.622,NMATAMOROS,13.9000,13.9000,13.9000,13.9000,13.9000,13.9000,13.9000,13.9000,13.9000,13.9000,13.9000,13.9000,TELEFONO-W,1000,6232515004,2025,1,Telefonía - Plan 23,USD,f
b696772a-7fbc-4a42-b241-81e67cb06bc0,2025-07-23 17:27:57.622,NMATAMOROS,2025-07-23 17:27:57.622,NMATAMOROS,13.9000,13.9000,13.9000,13.9000,13.9000,13.9000,13.9000,13.9000,13.9000,13.9000,13.9000,13.9000,TELEFONO-W,1000,7113525004,2025,1,Telefonía - Plan 23,USD,f
8d55e28d-9b38-4cb9-ba5b-ae926d4115da,2025-07-23 17:27:57.622,NMATAMOROS,2025-07-23 17:27:57.622,NMATAMOROS,45.0000,45.0000,45.0000,45.0000,45.0000,45.0000,45.0000,45.0000,45.0000,45.0000,45.0000,45.0000,TELEFONO-X,1000,6232515004,2025,1,Telefonía - Plan 24,USD,f
4d3e015c-777f-4b61-95a5-d0b729bed05e,2025-07-23 17:27:57.622,NMATAMOROS,2025-07-23 17:27:57.622,NMATAMOROS,45.0000,45.0000,45.0000,45.0000,45.0000,45.0000,45.0000,45.0000,45.0000,45.0000,45.0000,45.0000,TELEFONO-X,1000,7113525004,2025,1,Telefonía - Plan 24,USD,f
3b1258cd-72fc-4241-93ff-dd6f23004278,2025-07-23 17:27:57.622,NMATAMOROS,2025-07-23 17:27:57.622,NMATAMOROS,33.0000,33.0000,33.0000,33.0000,33.0000,33.0000,33.0000,33.0000,33.0000,33.0000,33.0000,33.0000,TELEFONO-Y,1000,6232515004,2025,1,Telefonía - Plan 25,USD,f
11f24db3-8871-428a-9057-3e4e76a63fac,2025-07-23 17:27:57.622,NMATAMOROS,2025-07-23 17:27:57.622,NMATAMOROS,33.0000,33.0000,33.0000,33.0000,33.0000,33.0000,33.0000,33.0000,33.0000,33.0000,33.0000,33.0000,TELEFONO-Y,1000,7113525004,2025,1,Telefonía - Plan 25,USD,f
1ea406a2-6ae6-47f5-8818-9354242ad97e,2025-07-23 17:27:57.622,NMATAMOROS,2025-07-23 17:27:57.622,NMATAMOROS,23.0000,23.0000,23.0000,23.0000,23.0000,23.0000,23.0000,23.0000,23.0000,23.0000,23.0000,23.0000,TELEFONO-Z,1000,6232515004,2025,1,Telefonía - Plan 26,USD,f
0bce1597-9292-4720-be97-0eae4c0ef245,2025-07-23 17:27:57.622,NMATAMOROS,2025-07-23 17:27:57.622,NMATAMOROS,23.0000,23.0000,23.0000,23.0000,23.0000,23.0000,23.0000,23.0000,23.0000,23.0000,23.0000,23.0000,TELEFONO-Z,1000,7113525004,2025,1,Telefonía - Plan 26,USD,f
