id,createdat,createdby,modifiedat,modifiedby,periodo1,periodo2,periodo3,periodo4,periodo5,periodo6,periodo7,periodo8,periodo9,periodo10,periodo11,periodo12,reqavicola_id,material_producto_codigo,material_centrologistico_codigo,ejercicio
537d7e56-3057-4eb3-98ad-508c69457e00,2025-09-16 22:11:21.528,NMATAMOROS,2025-09-16 22:11:21.528,NMATAMOROS,0.0000,0.0000,7237.9440,8876.5630,4662.4500,4589.9610,3051.8520,2978.7530,3975.9350,3414.9060,2990.9130,3008.5200,3514da54-1c66-49b1-a494-dbbf1fd923ea,17000000,2120,2024
5eb18c7b-c38c-4886-a7c3-90815ed79bb4,2025-09-16 22:11:21.528,NMATAMOROS,2025-09-16 22:11:21.528,NMATAMOROS,251.5670,0.0000,0.0000,0.0000,0.0000,0.0000,0.0000,0.0000,0.0000,0.0000,0.0000,0.0000,3514da54-1c66-49b1-a494-dbbf1fd923ea,17000000,2120,2025
aebfe2f2-0ff3-4d30-8553-aac009b6cb71,2025-09-16 22:11:21.528,NMATAMOROS,2025-09-16 22:11:21.528,NMATAMOROS,0.0000,0.0000,488.0180,598.5020,314.3660,309.4780,205.7710,200.8420,268.0770,230.2500,201.6620,202.8490,3514da54-1c66-49b1-a494-dbbf1fd923ea,17000001,2120,2024
568ec2f6-91b3-4125-a84f-c9aa8b4e5a17,2025-09-16 22:11:21.528,NMATAMOROS,2025-09-16 22:11:21.528,NMATAMOROS,16.9620,0.0000,0.0000,0.0000,0.0000,0.0000,0.0000,0.0000,0.0000,0.0000,0.0000,0.0000,3514da54-1c66-49b1-a494-dbbf1fd923ea,17000001,2120,2025
e015ccea-1c71-471c-9995-59042729f249,2025-09-16 22:11:21.528,NMATAMOROS,2025-09-16 22:11:21.528,NMATAMOROS,0.0000,0.0000,2443.7650,2997.0150,1574.1940,1549.7190,1030.4040,1005.7240,1342.4050,1152.9830,1009.8290,1015.7740,3514da54-1c66-49b1-a494-dbbf1fd923ea,17000002,2120,2024
70e27724-e9b4-43e8-ab66-d390b026be53,2025-09-16 22:11:21.528,NMATAMOROS,2025-09-16 22:11:21.528,NMATAMOROS,84.9370,0.0000,0.0000,0.0000,0.0000,0.0000,0.0000,0.0000,0.0000,0.0000,0.0000,0.0000,3514da54-1c66-49b1-a494-dbbf1fd923ea,17000002,2120,2025
ce2c35fb-8db6-4bdc-8d7b-62b24523c2c8,2025-09-16 22:11:21.528,NMATAMOROS,2025-09-16 22:11:21.528,NMATAMOROS,0.0000,0.0000,410.1250,502.9750,264.1890,260.0820,172.9280,168.7860,225.2890,193.5000,169.4750,170.4720,3514da54-1c66-49b1-a494-dbbf1fd923ea,17000003,2120,2024
5699e431-0196-42c6-ba2d-4b364c5f33a3,2025-09-16 22:11:21.528,NMATAMOROS,2025-09-16 22:11:21.528,NMATAMOROS,14.2550,0.0000,0.0000,0.0000,0.0000,0.0000,0.0000,0.0000,0.0000,0.0000,0.0000,0.0000,3514da54-1c66-49b1-a494-dbbf1fd923ea,17000003,2120,2025
05949eca-e801-4df2-bdc7-f9dedfd50016,2025-09-16 22:11:21.528,NMATAMOROS,2025-09-16 22:11:21.528,NMATAMOROS,0.0000,0.0000,73721.0000,179059.0000,184532.0000,2152493.0000,148361.0000,133025.0000,143977.0000,86700.0000,72462.4250,71201.2550,3514da54-1c66-49b1-a494-dbbf1fd923ea,17000004,2120,2024
dd0856f7-a7dc-458f-b783-e05e08fa5302,2025-09-16 22:11:21.528,NMATAMOROS,2025-09-16 22:11:21.528,NMATAMOROS,5660.2310,0.0000,0.0000,0.0000,0.0000,0.0000,0.0000,0.0000,0.0000,0.0000,0.0000,0.0000,3514da54-1c66-49b1-a494-dbbf1fd923ea,17000004,2120,2025
4cb8611b-0b77-49c0-bedc-b05893b0920a,2025-09-16 22:11:21.528,NMATAMOROS,2025-09-16 22:11:21.528,NMATAMOROS,0.0000,0.0000,1302.1470,1596.9440,838.8010,825.7600,549.0460,535.8950,715.2930,614.3610,538.0820,541.2500,3514da54-1c66-49b1-a494-dbbf1fd923ea,17000010,2120,2024
7d40c9bc-f3ce-4d65-817a-3fb3dfc29200,2025-09-16 22:11:21.528,NMATAMOROS,2025-09-16 22:11:21.528,NMATAMOROS,45.2580,0.0000,0.0000,0.0000,0.0000,0.0000,0.0000,0.0000,0.0000,0.0000,0.0000,0.0000,3514da54-1c66-49b1-a494-dbbf1fd923ea,17000010,2120,2025
a595f269-1db5-429d-9b98-d17999f409d0,2025-09-16 22:11:22.003,NMATAMOROS,2025-09-16 22:11:22.003,NMATAMOROS,0.0000,0.0000,0.0000,0.0000,0.0000,2856.4150,10013.2410,7270.8390,4837.2760,3509.5280,2749.9890,3238.5890,7611bcc1-b8bc-4556-9d5e-18100e95c0db,17000000,2120,2024
5e221b0b-0e07-44d4-a4c3-49a9e28a47d0,2025-09-16 22:11:22.003,NMATAMOROS,2025-09-16 22:11:22.003,NMATAMOROS,2427.0260,2244.2750,2530.8030,1144.6390,0.0000,0.0000,0.0000,0.0000,0.0000,0.0000,0.0000,0.0000,7611bcc1-b8bc-4556-9d5e-18100e95c0db,17000000,2120,2025
356cc499-b338-4cca-bd69-096b8000d491,2025-09-16 22:11:22.003,NMATAMOROS,2025-09-16 22:11:22.003,NMATAMOROS,0.0000,0.0000,0.0000,0.0000,0.0000,192.5940,675.1430,490.2360,326.1530,236.6300,185.4180,218.3620,7611bcc1-b8bc-4556-9d5e-18100e95c0db,17000001,2120,2024
c778e73a-5425-4c57-9d4e-f7a5e9f06072,2025-09-16 22:11:22.003,NMATAMOROS,2025-09-16 22:11:22.003,NMATAMOROS,163.6420,151.3200,170.6390,77.1770,0.0000,0.0000,0.0000,0.0000,0.0000,0.0000,0.0000,0.0000,7611bcc1-b8bc-4556-9d5e-18100e95c0db,17000001,2120,2025
1fe1c051-20ac-4e44-941a-4fa9c8b7e69f,2025-09-16 22:11:22.003,NMATAMOROS,2025-09-16 22:11:22.003,NMATAMOROS,0.0000,0.0000,0.0000,0.0000,0.0000,964.4180,3380.7950,2454.8710,1633.2210,1184.9300,928.4850,1093.4530,7611bcc1-b8bc-4556-9d5e-18100e95c0db,17000002,2120,2024
6325be87-6ba8-4285-853c-b015b3d8433d,2025-09-16 22:11:22.003,NMATAMOROS,2025-09-16 22:11:22.003,NMATAMOROS,819.4430,757.7400,854.4810,386.4670,0.0000,0.0000,0.0000,0.0000,0.0000,0.0000,0.0000,0.0000,7611bcc1-b8bc-4556-9d5e-18100e95c0db,17000002,2120,2025
21996fe2-8528-4c32-8709-70a7c7671ef7,2025-09-16 22:11:22.003,NMATAMOROS,2025-09-16 22:11:22.003,NMATAMOROS,0.0000,0.0000,0.0000,0.0000,0.0000,161.8540,567.3820,411.9890,274.0960,198.8610,155.8230,183.5090,7611bcc1-b8bc-4556-9d5e-18100e95c0db,17000003,2120,2024
f276a6c7-d50c-48a4-800b-94035b490c6d,2025-09-16 22:11:22.003,NMATAMOROS,2025-09-16 22:11:22.003,NMATAMOROS,137.5230,127.1680,143.4030,64.8590,0.0000,0.0000,0.0000,0.0000,0.0000,0.0000,0.0000,0.0000,7611bcc1-b8bc-4556-9d5e-18100e95c0db,17000003,2120,2025
ff94dbd7-0f23-4405-bf70-eb2628736f47,2025-09-16 22:11:22.003,NMATAMOROS,2025-09-16 22:11:22.003,NMATAMOROS,0.0000,0.0000,0.0000,0.0000,0.0000,21420.8330,172308.0000,185050.0000,224826.0000,161879.9360,144443.8070,160645.3970,7611bcc1-b8bc-4556-9d5e-18100e95c0db,17000004,2120,2024
88dbaa8f-6c04-409f-86a8-bc1c150204ca,2025-09-16 22:11:22.003,NMATAMOROS,2025-09-16 22:11:22.003,NMATAMOROS,113263.9780,98722.9670,101949.0850,41801.2270,0.0000,0.0000,0.0000,0.0000,0.0000,0.0000,0.0000,0.0000,7611bcc1-b8bc-4556-9d5e-18100e95c0db,17000004,2120,2025
067b3a75-289b-45ff-b263-d6973c7a43ed,2025-09-16 22:11:22.003,NMATAMOROS,2025-09-16 22:11:22.003,NMATAMOROS,0.0000,0.0000,0.0000,0.0000,0.0000,513.8850,1801.4390,1308.0650,870.2540,631.3840,494.7390,582.6410,7611bcc1-b8bc-4556-9d5e-18100e95c0db,17000010,2120,2024
680b5a9d-f6de-4197-8626-f1db82036065,2025-09-16 22:11:22.003,NMATAMOROS,2025-09-16 22:11:22.003,NMATAMOROS,436.6360,403.7580,455.3060,205.9270,0.0000,0.0000,0.0000,0.0000,0.0000,0.0000,0.0000,0.0000,7611bcc1-b8bc-4556-9d5e-18100e95c0db,17000010,2120,2025
f3caaac4-6447-461f-8038-7cf394908f86,2025-09-16 22:11:23.11,NMATAMOROS,2025-09-16 22:11:23.11,NMATAMOROS,0.0000,0.0000,0.0000,0.0000,0.0000,0.0000,0.0000,0.0000,0.0000,0.0000,131.4070,571.5000,f80148ad-882d-48ed-92b3-0c01eb663b17,17000000,2120,2024
0fdccd9e-e35f-4970-b1df-585c16117ba7,2025-09-16 22:11:23.11,NMATAMOROS,2025-09-16 22:11:23.11,NMATAMOROS,352.4870,215.0560,247.3000,199.6740,205.9420,270.3740,195.9940,239.6440,124.7080,0.0000,0.0000,0.0000,f80148ad-882d-48ed-92b3-0c01eb663b17,17000000,2120,2025
b5bc018b-ea87-49cf-b4fa-c0b0bbe05e42,2025-09-16 22:11:23.11,NMATAMOROS,2025-09-16 22:11:23.11,NMATAMOROS,0.0000,0.0000,0.0000,0.0000,0.0000,0.0000,0.0000,0.0000,0.0000,0.0000,156.3640,680.0420,f80148ad-882d-48ed-92b3-0c01eb663b17,17000001,2120,2024
3b5ad5e3-71ec-456f-b3a4-8423c7a7d959,2025-09-16 22:11:23.11,NMATAMOROS,2025-09-16 22:11:23.11,NMATAMOROS,419.4330,255.9010,294.2680,237.5980,245.0560,321.7250,233.2190,285.1580,148.3930,0.0000,0.0000,0.0000,f80148ad-882d-48ed-92b3-0c01eb663b17,17000001,2120,2025
d33f10a8-ae34-4a1e-b141-5291ff18c5de,2025-09-16 22:11:23.11,NMATAMOROS,2025-09-16 22:11:23.11,NMATAMOROS,0.0000,0.0000,0.0000,0.0000,0.0000,0.0000,0.0000,0.0000,0.0000,0.0000,782.9960,3405.3290,f80148ad-882d-48ed-92b3-0c01eb663b17,17000002,2120,2024
9dd45085-1201-459e-b978-3c17e180ffc2,2025-09-16 22:11:23.11,NMATAMOROS,2025-09-16 22:11:23.11,NMATAMOROS,2100.3220,1281.4290,1473.5560,1189.7760,1227.1230,1611.0460,1167.8480,1427.9380,743.0830,0.0000,0.0000,0.0000,f80148ad-882d-48ed-92b3-0c01eb663b17,17000002,2120,2025
ecfd4f70-196b-45ae-a0fd-4cc0fbc0d4d3,2025-09-16 22:11:23.11,NMATAMOROS,2025-09-16 22:11:23.11,NMATAMOROS,0.0000,0.0000,0.0000,0.0000,0.0000,0.0000,0.0000,0.0000,0.0000,0.0000,131.4070,571.5000,f80148ad-882d-48ed-92b3-0c01eb663b17,17000003,2120,2024
8a242607-8df9-4aca-9f1a-f56ef569f16c,2025-09-16 22:11:23.11,NMATAMOROS,2025-09-16 22:11:23.11,NMATAMOROS,352.4870,215.0560,247.3000,199.6740,205.9420,270.3740,195.9940,239.6440,124.7080,0.0000,0.0000,0.0000,f80148ad-882d-48ed-92b3-0c01eb663b17,17000003,2120,2025
e096ebf8-38c5-4b3f-882a-271f14ce1e7f,2025-09-16 22:11:23.11,NMATAMOROS,2025-09-16 22:11:23.11,NMATAMOROS,0.0000,0.0000,0.0000,0.0000,0.0000,0.0000,0.0000,0.0000,0.0000,0.0000,3166.6410,124914.3780,f80148ad-882d-48ed-92b3-0c01eb663b17,17000004,2120,2024
f980bfb8-3f93-4b6a-9fd7-f67790c4f3ed,2025-09-16 22:11:23.11,NMATAMOROS,2025-09-16 22:11:23.11,NMATAMOROS,181107.0290,175633.7540,202886.0910,147816.8270,134738.7480,150136.7630,106144.3400,114081.7880,57499.8320,0.0000,0.0000,0.0000,f80148ad-882d-48ed-92b3-0c01eb663b17,17000004,2120,2025
7e894de2-374f-4944-9016-9508aa4c3638,2025-09-16 22:11:23.11,NMATAMOROS,2025-09-16 22:11:23.11,NMATAMOROS,0.0000,0.0000,0.0000,0.0000,0.0000,0.0000,0.0000,0.0000,0.0000,0.0000,417.2160,1814.5120,f80148ad-882d-48ed-92b3-0c01eb663b17,17000010,2120,2024
bc52eae3-e32b-4142-b97b-11091471db71,2025-09-16 22:11:23.11,NMATAMOROS,2025-09-16 22:11:23.11,NMATAMOROS,1119.1460,682.8030,785.1770,633.9660,653.8660,858.4380,622.2820,760.8690,395.9480,0.0000,0.0000,0.0000,f80148ad-882d-48ed-92b3-0c01eb663b17,17000010,2120,2025
a5598ce6-3432-4a85-986f-871d47bc0e28,2025-09-16 22:11:25.25,NMATAMOROS,2025-09-16 22:11:25.25,NMATAMOROS,0.0000,0.0000,12791.4920,3872.6880,2949.1820,3679.5490,2961.5940,3696.8770,2877.3630,2776.7480,3177.0070,1974.2150,6a4becb7-325b-47ff-80c7-8ed8c2c05fd2,17000000,2120,2025
c94be8b5-4b82-4ee1-9850-85bf9e8e0adb,2025-09-16 22:11:25.25,NMATAMOROS,2025-09-16 22:11:25.25,NMATAMOROS,0.0000,0.0000,862.4660,261.1160,198.8490,248.0940,199.6850,249.2620,194.0060,187.2220,214.2100,133.1110,6a4becb7-325b-47ff-80c7-8ed8c2c05fd2,17000001,2120,2025
6b58f175-7a87-44ce-a684-f879d6caad43,2025-09-16 22:11:25.25,NMATAMOROS,2025-09-16 22:11:25.25,NMATAMOROS,0.0000,0.0000,4318.8220,1307.5450,995.7390,1242.3350,999.9300,1248.1850,971.4910,937.5200,1072.6610,666.5590,6a4becb7-325b-47ff-80c7-8ed8c2c05fd2,17000002,2120,2025
a6740d01-5020-4fa0-9d17-b50b5fd2b7d8,2025-09-16 22:11:25.25,NMATAMOROS,2025-09-16 22:11:25.25,NMATAMOROS,0.0000,0.0000,724.8070,219.4390,167.1100,208.4950,167.8130,209.4770,163.0410,157.3390,180.0190,111.8650,6a4becb7-325b-47ff-80c7-8ed8c2c05fd2,17000003,2120,2025
67cd6625-ab27-408d-a03c-93634de634f2,2025-09-16 22:11:25.25,NMATAMOROS,2025-09-16 22:11:25.25,NMATAMOROS,0.0000,0.0000,140776.1010,182851.3870,174402.0550,203782.4990,152023.5830,176815.0750,130295.0190,118715.1000,127952.0960,64306.8540,6a4becb7-325b-47ff-80c7-8ed8c2c05fd2,17000004,2120,2025
70cea08b-7f53-4f95-a42d-96b4a07c0fe7,2025-09-16 22:11:25.25,NMATAMOROS,2025-09-16 22:11:25.25,NMATAMOROS,0.0000,0.0000,2301.2620,696.7190,530.5750,661.9720,532.8080,665.0890,517.6540,499.5530,571.5620,355.1720,6a4becb7-325b-47ff-80c7-8ed8c2c05fd2,17000010,2120,2025
971ae46c-eccd-491a-96d1-a9757a8e8151,2025-09-16 22:11:25.481,NMATAMOROS,2025-09-16 22:11:25.481,NMATAMOROS,0.0000,0.0000,0.0000,4116.6490,6901.0830,6543.5110,3851.0590,3293.0760,4649.0480,3579.0370,3235.7560,3469.8020,0b5c3947-2c14-4b0f-b25e-cfff9c08436b,17000000,2120,2024
593b7556-a341-4ec4-b17d-be3079fe63d4,2025-09-16 22:11:25.481,NMATAMOROS,2025-09-16 22:11:25.481,NMATAMOROS,2299.4900,742.1010,0.0000,0.0000,0.0000,0.0000,0.0000,0.0000,0.0000,0.0000,0.0000,0.0000,0b5c3947-2c14-4b0f-b25e-cfff9c08436b,17000000,2120,2025
428f71f1-58cc-4aaf-ac87-f9c50c1e22f7,2025-09-16 22:11:25.481,NMATAMOROS,2025-09-16 22:11:25.481,NMATAMOROS,0.0000,0.0000,0.0000,277.5650,465.3060,441.1960,259.6580,222.0360,313.4620,241.3170,218.1710,233.9510,0b5c3947-2c14-4b0f-b25e-cfff9c08436b,17000001,2120,2024
49f0602f-801a-4576-b27e-cb9db8d25cc9,2025-09-16 22:11:25.481,NMATAMOROS,2025-09-16 22:11:25.481,NMATAMOROS,155.0430,50.0360,0.0000,0.0000,0.0000,0.0000,0.0000,0.0000,0.0000,0.0000,0.0000,0.0000,0b5c3947-2c14-4b0f-b25e-cfff9c08436b,17000001,2120,2025
20d2f41e-b923-4052-9e2a-e9e6d207bb55,2025-09-16 22:11:25.481,NMATAMOROS,2025-09-16 22:11:25.481,NMATAMOROS,0.0000,0.0000,0.0000,1389.9140,2330.0290,2209.3010,1300.2420,1111.8490,1569.6690,1208.3990,1092.4960,1171.5180,0b5c3947-2c14-4b0f-b25e-cfff9c08436b,17000002,2120,2024
508affb4-1826-4be0-907f-353a5d7df115,2025-09-16 22:11:25.481,NMATAMOROS,2025-09-16 22:11:25.481,NMATAMOROS,776.3820,250.5570,0.0000,0.0000,0.0000,0.0000,0.0000,0.0000,0.0000,0.0000,0.0000,0.0000,0b5c3947-2c14-4b0f-b25e-cfff9c08436b,17000002,2120,2025
57786aba-28de-4a97-9e26-a9ffc63caf89,2025-09-16 22:11:25.481,NMATAMOROS,2025-09-16 22:11:25.481,NMATAMOROS,0.0000,0.0000,0.0000,233.2630,391.0380,370.7760,218.2130,186.5960,263.4300,202.8000,183.3480,196.6100,0b5c3947-2c14-4b0f-b25e-cfff9c08436b,17000003,2120,2024
a7ae2ca6-212c-49ce-b93d-ac311d2153c1,2025-09-16 22:11:25.481,NMATAMOROS,2025-09-16 22:11:25.481,NMATAMOROS,130.2970,42.0500,0.0000,0.0000,0.0000,0.0000,0.0000,0.0000,0.0000,0.0000,0.0000,0.0000,0b5c3947-2c14-4b0f-b25e-cfff9c08436b,17000003,2120,2025
02e13c6a-7bc8-4377-9f9b-44686ec4a35d,2025-09-16 22:11:25.481,NMATAMOROS,2025-09-16 22:11:25.481,NMATAMOROS,0.0000,0.0000,0.0000,26877.0000,172989.0000,221929.0000,163973.0000,151668.0000,167703.0000,117339.0770,96723.1240,102841.3730,0b5c3947-2c14-4b0f-b25e-cfff9c08436b,17000004,2120,2024
ed5bfa1f-f890-4f26-b4c4-7f48d133da13,2025-09-16 22:11:25.481,NMATAMOROS,2025-09-16 22:11:25.481,NMATAMOROS,66641.5400,21204.9960,0.0000,0.0000,0.0000,0.0000,0.0000,0.0000,0.0000,0.0000,0.0000,0.0000,0b5c3947-2c14-4b0f-b25e-cfff9c08436b,17000004,2120,2025
16296487-f9dc-4a5a-af40-559f23ddba7a,2025-09-16 22:11:25.481,NMATAMOROS,2025-09-16 22:11:25.481,NMATAMOROS,0.0000,0.0000,0.0000,740.6090,1241.5440,1177.2150,692.8270,592.4430,836.3900,643.8890,582.1310,624.2370,0b5c3947-2c14-4b0f-b25e-cfff9c08436b,17000010,2120,2024
846bd685-e892-4959-8778-663929c8d711,2025-09-16 22:11:25.481,NMATAMOROS,2025-09-16 22:11:25.481,NMATAMOROS,413.6910,133.5080,0.0000,0.0000,0.0000,0.0000,0.0000,0.0000,0.0000,0.0000,0.0000,0.0000,0b5c3947-2c14-4b0f-b25e-cfff9c08436b,17000010,2120,2025
a8c86d72-b0ad-4aba-9014-d4250c2906e4,2025-09-16 22:11:26.222,NMATAMOROS,2025-09-16 22:11:26.222,NMATAMOROS,0.0000,0.0000,0.0000,0.0000,0.0000,0.0000,0.0000,1118.6940,1762.8640,659.8580,206.7940,219.7590,4b51ab6a-ff05-439f-89e9-d12855e0cfcd,17000000,2120,2024
4e7263c9-25e7-4b6a-98d7-ebe169818af8,2025-09-16 22:11:26.222,NMATAMOROS,2025-09-16 22:11:26.222,NMATAMOROS,196.7650,239.9070,392.7300,392.8330,457.3190,260.2870,0.0000,0.0000,0.0000,0.0000,0.0000,0.0000,4b51ab6a-ff05-439f-89e9-d12855e0cfcd,17000000,2120,2025
2a4fb315-cd3b-48a3-9479-17ce5434a0be,2025-09-16 22:11:26.222,NMATAMOROS,2025-09-16 22:11:26.222,NMATAMOROS,0.0000,0.0000,0.0000,0.0000,0.0000,0.0000,0.0000,419.2640,660.6850,247.3010,77.5020,82.3610,4b51ab6a-ff05-439f-89e9-d12855e0cfcd,17000001,2120,2024
d28f2901-2375-4516-af95-670deaaec2c7,2025-09-16 22:11:26.222,NMATAMOROS,2025-09-16 22:11:26.222,NMATAMOROS,73.7440,89.9120,147.1870,147.2260,171.3940,97.5500,0.0000,0.0000,0.0000,0.0000,0.0000,0.0000,4b51ab6a-ff05-439f-89e9-d12855e0cfcd,17000001,2120,2025
c541aee0-7f6e-473c-bdd3-b781db7caef4,2025-09-16 22:11:26.222,NMATAMOROS,2025-09-16 22:11:26.222,NMATAMOROS,0.0000,0.0000,0.0000,0.0000,0.0000,0.0000,0.0000,2099.4740,3308.3990,1238.3680,388.0950,412.4270,4b51ab6a-ff05-439f-89e9-d12855e0cfcd,17000002,2120,2024
3aa0948d-5dbe-426e-9eeb-4ff3c5a81d38,2025-09-16 22:11:26.222,NMATAMOROS,2025-09-16 22:11:26.222,NMATAMOROS,369.2730,450.2380,737.0440,737.2360,858.2600,488.4860,0.0000,0.0000,0.0000,0.0000,0.0000,0.0000,4b51ab6a-ff05-439f-89e9-d12855e0cfcd,17000002,2120,2025
81acebdf-bb72-4909-b721-57671c576c6e,2025-09-16 22:11:26.222,NMATAMOROS,2025-09-16 22:11:26.222,NMATAMOROS,0.0000,0.0000,0.0000,0.0000,0.0000,0.0000,0.0000,352.3450,555.2330,207.8290,65.1320,69.2160,4b51ab6a-ff05-439f-89e9-d12855e0cfcd,17000003,2120,2024
50908777-e85a-4d07-9e13-7479b38f2c53,2025-09-16 22:11:26.222,NMATAMOROS,2025-09-16 22:11:26.222,NMATAMOROS,61.9730,75.5610,123.6940,123.7270,144.0380,81.9800,0.0000,0.0000,0.0000,0.0000,0.0000,0.0000,4b51ab6a-ff05-439f-89e9-d12855e0cfcd,17000003,2120,2025
9ed22fb2-39af-45bf-95d5-6aaef21b93ac,2025-09-16 22:11:26.222,NMATAMOROS,2025-09-16 22:11:26.222,NMATAMOROS,0.0000,0.0000,0.0000,0.0000,0.0000,0.0000,0.0000,21480.0000,220880.0000,183613.2640,176284.6860,207682.4230,4b51ab6a-ff05-439f-89e9-d12855e0cfcd,17000004,2120,2024
41868b3b-0983-428f-84a1-bf1e5e7fe3d1,2025-09-16 22:11:26.222,NMATAMOROS,2025-09-16 22:11:26.222,NMATAMOROS,154794.9990,144470.9370,165077.2430,115993.2300,99547.1930,43095.4090,0.0000,0.0000,0.0000,0.0000,0.0000,0.0000,4b51ab6a-ff05-439f-89e9-d12855e0cfcd,17000004,2120,2025
97c66640-99eb-41f0-8b41-da481d034ac5,2025-09-16 22:11:26.222,NMATAMOROS,2025-09-16 22:11:26.222,NMATAMOROS,0.0000,0.0000,0.0000,0.0000,0.0000,0.0000,0.0000,1118.6940,1762.8640,659.8580,206.7940,219.7590,4b51ab6a-ff05-439f-89e9-d12855e0cfcd,17000010,2120,2024
8f0a2629-ab0f-4e8f-98cc-940b998b7ff3,2025-09-16 22:11:26.222,NMATAMOROS,2025-09-16 22:11:26.222,NMATAMOROS,196.7650,239.9070,392.7300,392.8330,457.3190,260.2870,0.0000,0.0000,0.0000,0.0000,0.0000,0.0000,4b51ab6a-ff05-439f-89e9-d12855e0cfcd,17000010,2120,2025
2131c224-4be5-4bbe-b394-b13ffb44ed67,2025-09-16 22:11:27.365,NMATAMOROS,2025-09-16 22:11:27.365,NMATAMOROS,0.0000,0.0000,0.0000,0.0000,0.0000,0.0000,0.0000,0.0000,0.0000,7159.1890,4286.5460,2231.7220,f2ec7ad2-c187-477e-97ca-3f886dfdc78e,17000000,2120,2024
5c7bedf5-b17d-4754-a875-81d81fcb8865,2025-09-16 22:11:27.365,NMATAMOROS,2025-09-16 22:11:27.365,NMATAMOROS,1076.1470,958.3160,1394.9470,1363.9770,1791.8550,2765.6850,2569.5670,756.3350,0.0000,0.0000,0.0000,0.0000,f2ec7ad2-c187-477e-97ca-3f886dfdc78e,17000000,2120,2025
e0c046b8-6cf5-4eab-8423-243b6e8d6381,2025-09-16 22:11:27.365,NMATAMOROS,2025-09-16 22:11:27.365,NMATAMOROS,0.0000,0.0000,0.0000,0.0000,0.0000,0.0000,0.0000,0.0000,0.0000,482.7080,289.0200,150.4740,f2ec7ad2-c187-477e-97ca-3f886dfdc78e,17000001,2120,2024
2deeb4b4-84a2-4cfc-89e9-8613ae3d07fd,2025-09-16 22:11:27.365,NMATAMOROS,2025-09-16 22:11:27.365,NMATAMOROS,72.5590,64.6140,94.0540,91.9660,120.8160,186.4760,173.2530,50.9960,0.0000,0.0000,0.0000,0.0000,f2ec7ad2-c187-477e-97ca-3f886dfdc78e,17000001,2120,2025
b9839e4c-dde0-479e-a039-12d0e6af6281,2025-09-16 22:11:27.365,NMATAMOROS,2025-09-16 22:11:27.365,NMATAMOROS,0.0000,0.0000,0.0000,0.0000,0.0000,0.0000,0.0000,0.0000,0.0000,2417.1740,1447.2770,753.5020,f2ec7ad2-c187-477e-97ca-3f886dfdc78e,17000002,2120,2024
a6b5e47e-fe01-4522-87fb-1ace8b231d79,2025-09-16 22:11:27.365,NMATAMOROS,2025-09-16 22:11:27.365,NMATAMOROS,363.3420,323.5590,470.9790,460.5230,604.9880,933.7850,867.5690,255.3630,0.0000,0.0000,0.0000,0.0000,f2ec7ad2-c187-477e-97ca-3f886dfdc78e,17000002,2120,2025
43ac1169-364b-49b9-82d7-da52fb444fc4,2025-09-16 22:11:27.365,NMATAMOROS,2025-09-16 22:11:27.365,NMATAMOROS,0.0000,0.0000,0.0000,0.0000,0.0000,0.0000,0.0000,0.0000,0.0000,405.6630,242.8890,126.4570,f2ec7ad2-c187-477e-97ca-3f886dfdc78e,17000003,2120,2024
73064885-c947-4eb4-be3a-92fe3e5f0ef2,2025-09-16 22:11:27.365,NMATAMOROS,2025-09-16 22:11:27.365,NMATAMOROS,60.9780,54.3010,79.0420,77.2870,101.5320,156.7130,145.6000,42.8560,0.0000,0.0000,0.0000,0.0000,f2ec7ad2-c187-477e-97ca-3f886dfdc78e,17000003,2120,2025
489c1209-a920-49c6-9c83-10283598727a,2025-09-16 22:11:27.365,NMATAMOROS,2025-09-16 22:11:27.365,NMATAMOROS,0.0000,0.0000,0.0000,0.0000,0.0000,0.0000,0.0000,0.0000,0.0000,56114.5170,185536.3940,228346.0110,f2ec7ad2-c187-477e-97ca-3f886dfdc78e,17000004,2120,2024
d8c8b3a1-4383-48dd-84f8-22ad97e5d6d1,2025-09-16 22:11:27.365,NMATAMOROS,2025-09-16 22:11:27.365,NMATAMOROS,171898.3250,162649.0390,189304.4100,140496.6790,128564.8650,140693.2700,93815.0140,20746.9290,0.0000,0.0000,0.0000,0.0000,f2ec7ad2-c187-477e-97ca-3f886dfdc78e,17000004,2120,2025
40494233-7fc3-4cdc-b8f1-7eaf42341392,2025-09-16 22:11:27.365,NMATAMOROS,2025-09-16 22:11:27.365,NMATAMOROS,0.0000,0.0000,0.0000,0.0000,0.0000,0.0000,0.0000,0.0000,0.0000,1287.9790,771.1740,401.4990,f2ec7ad2-c187-477e-97ca-3f886dfdc78e,17000010,2120,2024
a00c0776-f521-4732-afb8-a3ed6f1d0d7b,2025-09-16 22:11:27.365,NMATAMOROS,2025-09-16 22:11:27.365,NMATAMOROS,193.6050,172.4070,250.9590,245.3870,322.3650,497.5620,462.2800,136.0690,0.0000,0.0000,0.0000,0.0000,f2ec7ad2-c187-477e-97ca-3f886dfdc78e,17000010,2120,2025
3851b7ec-f963-40b5-bbce-eaad06b7de70,2025-09-16 22:11:29.238,NMATAMOROS,2025-09-16 22:11:29.238,NMATAMOROS,4836.8120,4301.7350,2239.5860,1079.9160,961.6550,1399.7760,1368.6700,2274.7290,2298.3400,2578.2440,758.8850,0.0000,47981a93-6401-4773-a3d5-71cdfb6ae34f,17000000,2120,2025
e434c451-b41f-408d-9b3a-8a81cefc09a7,2025-09-16 22:11:29.238,NMATAMOROS,2025-09-16 22:11:29.238,NMATAMOROS,326.1220,290.0440,151.0040,72.8130,64.8400,94.3800,92.2830,153.3740,154.9660,173.8380,51.1680,0.0000,47981a93-6401-4773-a3d5-71cdfb6ae34f,17000001,2120,2025
9c0e0d8e-65c4-4f7c-ab14-ce720ea173d0,2025-09-16 22:11:29.238,NMATAMOROS,2025-09-16 22:11:29.238,NMATAMOROS,1633.0640,1452.4050,756.1570,364.6150,324.6860,472.6100,462.1070,768.0220,775.9940,870.4990,256.2240,0.0000,47981a93-6401-4773-a3d5-71cdfb6ae34f,17000002,2120,2025
58a53103-34c6-46d4-abe4-f64339df5520,2025-09-16 22:11:29.238,NMATAMOROS,2025-09-16 22:11:29.238,NMATAMOROS,274.0690,243.7500,126.9020,61.1910,54.4900,79.3160,77.5530,128.8930,130.2310,146.0920,43.0010,0.0000,47981a93-6401-4773-a3d5-71cdfb6ae34f,17000003,2120,2025
b96748e6-58c7-452b-8a0a-ec805438e070,2025-09-16 22:11:29.238,NMATAMOROS,2025-09-16 22:11:29.238,NMATAMOROS,60308.7450,186193.6600,229150.3830,172500.3300,163215.6490,189959.8790,140980.1120,159527.4740,110648.7830,94131.8350,20816.8660,0.0000,47981a93-6401-4773-a3d5-71cdfb6ae34f,17000004,2120,2025
e132525a-5136-42d9-aa9d-2bb2a9bf02cf,2025-09-16 22:11:29.238,NMATAMOROS,2025-09-16 22:11:29.238,NMATAMOROS,870.1700,773.9070,402.9140,194.2830,173.0070,251.8280,246.2310,409.2370,413.4840,463.8410,136.5280,0.0000,47981a93-6401-4773-a3d5-71cdfb6ae34f,17000010,2120,2025
7b93cecf-acff-4b72-a3cb-58c3d1e8cf6a,2025-09-16 22:11:32.214,NMATAMOROS,2025-09-16 22:11:32.214,NMATAMOROS,0.0000,0.0000,0.0000,5847.3880,8817.4870,6356.7110,3552.5090,4393.5890,3551.2880,3734.3800,4631.8390,3450.5110,d2687fe2-58d7-428d-aee7-0ab98b5b505e,17000000,2120,2025
4c953185-8c28-49fb-bf70-5b6d721e7e09,2025-09-16 22:11:32.214,NMATAMOROS,2025-09-16 22:11:32.214,NMATAMOROS,3241.0990,1449.7060,0.0000,0.0000,0.0000,0.0000,0.0000,0.0000,0.0000,0.0000,0.0000,0.0000,d2687fe2-58d7-428d-aee7-0ab98b5b505e,17000000,2120,2026
623981f4-2a11-42df-ad80-7234a907dff7,2025-09-16 22:11:32.214,NMATAMOROS,2025-09-16 22:11:32.214,NMATAMOROS,0.0000,0.0000,0.0000,394.2600,594.5190,428.6010,239.5280,296.2380,239.4460,251.7910,312.3020,232.6510,d2687fe2-58d7-428d-aee7-0ab98b5b505e,17000001,2120,2025
a51e95c2-de49-4c86-b703-d0da3e63f8e0,2025-09-16 22:11:32.214,NMATAMOROS,2025-09-16 22:11:32.214,NMATAMOROS,218.5310,97.7460,0.0000,0.0000,0.0000,0.0000,0.0000,0.0000,0.0000,0.0000,0.0000,0.0000,d2687fe2-58d7-428d-aee7-0ab98b5b505e,17000001,2120,2026
96ab149a-4cb3-4c5b-9408-098f7cec67a1,2025-09-16 22:11:32.214,NMATAMOROS,2025-09-16 22:11:32.214,NMATAMOROS,0.0000,0.0000,0.0000,1974.2680,2977.0690,2146.2320,1199.4420,1483.4180,1199.0300,1260.8480,1563.8590,1165.0040,d2687fe2-58d7-428d-aee7-0ab98b5b505e,17000002,2120,2025
fd5d872d-a3ee-4c88-92da-05f37aa671c7,2025-09-16 22:11:32.214,NMATAMOROS,2025-09-16 22:11:32.214,NMATAMOROS,1094.3000,489.4680,0.0000,0.0000,0.0000,0.0000,0.0000,0.0000,0.0000,0.0000,0.0000,0.0000,d2687fe2-58d7-428d-aee7-0ab98b5b505e,17000002,2120,2026
540527f8-2103-4ef0-8f8b-3cbeb3ca9a1a,2025-09-16 22:11:32.214,NMATAMOROS,2025-09-16 22:11:32.214,NMATAMOROS,0.0000,0.0000,0.0000,331.3320,499.6270,360.1920,201.2970,248.9550,201.2270,211.6020,262.4550,195.5170,d2687fe2-58d7-428d-aee7-0ab98b5b505e,17000003,2120,2025
ec8a3c46-af15-41df-aa05-a6a64f9c482f,2025-09-16 22:11:32.214,NMATAMOROS,2025-09-16 22:11:32.214,NMATAMOROS,183.6510,82.1450,0.0000,0.0000,0.0000,0.0000,0.0000,0.0000,0.0000,0.0000,0.0000,0.0000,d2687fe2-58d7-428d-aee7-0ab98b5b505e,17000003,2120,2026
8722a8f0-5951-4691-929b-44b0e020cd97,2025-09-16 22:11:32.214,NMATAMOROS,2025-09-16 22:11:32.214,NMATAMOROS,0.0000,0.0000,0.0000,15602.9600,157130.3390,225426.4790,170555.6060,195199.1540,141351.6490,128401.8200,142253.0180,99882.3700,d2687fe2-58d7-428d-aee7-0ab98b5b505e,17000004,2120,2025
815eee43-d465-4293-a046-d18261b425d1,2025-09-16 22:11:32.214,NMATAMOROS,2025-09-16 22:11:32.214,NMATAMOROS,86388.9290,37294.5490,0.0000,0.0000,0.0000,0.0000,0.0000,0.0000,0.0000,0.0000,0.0000,0.0000,d2687fe2-58d7-428d-aee7-0ab98b5b505e,17000004,2120,2026
9a382c9b-2231-44b3-8b61-ed81e8770ded,2025-09-16 22:11:32.214,NMATAMOROS,2025-09-16 22:11:32.214,NMATAMOROS,0.0000,0.0000,0.0000,1051.9780,1586.3160,1143.6090,639.1170,790.4320,638.8970,671.8360,833.2940,620.7670,d2687fe2-58d7-428d-aee7-0ab98b5b505e,17000010,2120,2025
bdb7a447-a014-4967-97f7-11312ae61573,2025-09-16 22:11:32.214,NMATAMOROS,2025-09-16 22:11:32.214,NMATAMOROS,583.0920,260.8100,0.0000,0.0000,0.0000,0.0000,0.0000,0.0000,0.0000,0.0000,0.0000,0.0000,d2687fe2-58d7-428d-aee7-0ab98b5b505e,17000010,2120,2026
b4799087-4c1d-4ad9-ac40-c4edaa3d250c,2025-09-16 22:11:32.673,NMATAMOROS,2025-09-16 22:11:32.673,NMATAMOROS,0.0000,0.0000,0.0000,0.0000,0.0000,5345.6359,4452.1939,1867.7146,1145.0653,1074.5711,1207.6949,1542.0889,21c9ee1b-eb5d-400f-9492-23d58ac2d83c,17000000,2120,2025
19916166-c522-4690-977a-68ae8d9219a0,2025-09-16 22:11:32.673,NMATAMOROS,2025-09-16 22:11:32.673,NMATAMOROS,2018.6420,2269.6432,3410.7022,0.0000,0.0000,0.0000,0.0000,0.0000,0.0000,0.0000,0.0000,0.0000,21c9ee1b-eb5d-400f-9492-23d58ac2d83c,17000000,2120,2026
82c7eefb-d109-4f05-b78a-648375f44710,2025-09-16 22:11:32.673,NMATAMOROS,2025-09-16 22:11:32.673,NMATAMOROS,0.0000,0.0000,0.0000,0.0000,0.0000,360.4294,300.1891,125.9306,77.2060,72.4529,81.4288,103.9753,21c9ee1b-eb5d-400f-9492-23d58ac2d83c,17000001,2120,2025
eb901d69-10ae-4d1a-ae1e-a2a0329bbc5a,2025-09-16 22:11:32.673,NMATAMOROS,2025-09-16 22:11:32.673,NMATAMOROS,363.1650,408.3216,613.6045,0.0000,0.0000,0.0000,0.0000,0.0000,0.0000,0.0000,0.0000,0.0000,21c9ee1b-eb5d-400f-9492-23d58ac2d83c,17000001,2120,2026
1f79b49b-ba9c-40ad-971a-ff563a73ca43,2025-09-16 22:11:32.673,NMATAMOROS,2025-09-16 22:11:32.673,NMATAMOROS,0.0000,0.0000,0.0000,0.0000,0.0000,1804.8602,1503.2052,630.6011,386.6112,362.8101,407.7570,520.6593,21c9ee1b-eb5d-400f-9492-23d58ac2d83c,17000002,2120,2025
cc995b9f-8f0c-48d5-b77c-31ce56f0a430,2025-09-16 22:11:32.673,NMATAMOROS,2025-09-16 22:11:32.673,NMATAMOROS,136.1069,153.0306,229.9665,0.0000,0.0000,0.0000,0.0000,0.0000,0.0000,0.0000,0.0000,0.0000,21c9ee1b-eb5d-400f-9492-23d58ac2d83c,17000002,2120,2026
9654fc53-8067-40ae-ac09-faf1adc2f842,2025-09-16 22:11:32.673,NMATAMOROS,2025-09-16 22:11:32.673,NMATAMOROS,0.0000,0.0000,0.0000,0.0000,0.0000,302.9011,252.2758,105.8308,64.8831,60.8887,68.4319,87.3798,21c9ee1b-eb5d-400f-9492-23d58ac2d83c,17000003,2120,2025
a9066ec6-ea36-4a3d-ab0c-0acbdaad0445,2025-09-16 22:11:32.673,NMATAMOROS,2025-09-16 22:11:32.673,NMATAMOROS,140234.2500,110799.0200,118222.3100,0.0000,0.0000,0.0000,0.0000,0.0000,0.0000,0.0000,0.0000,0.0000,21c9ee1b-eb5d-400f-9492-23d58ac2d83c,17000003,2120,2026
7ab15e91-d799-42f5-98ef-55e99bbf0ea8,2025-09-16 22:11:32.673,NMATAMOROS,2025-09-16 22:11:32.673,NMATAMOROS,0.0000,0.0000,0.0000,0.0000,0.0000,65884.6690,205745.2420,201537.7900,183701.6636,178584.2000,161249.0400,154706.8154,21c9ee1b-eb5d-400f-9492-23d58ac2d83c,17000004,2120,2025
f08f3a4a-e3fc-4f60-8418-23a504cee753,2025-09-16 22:11:32.673,NMATAMOROS,2025-09-16 22:11:32.673,NMATAMOROS,681.5591,766.3052,1151.5638,0.0000,0.0000,0.0000,0.0000,0.0000,0.0000,0.0000,0.0000,0.0000,21c9ee1b-eb5d-400f-9492-23d58ac2d83c,17000004,2120,2026
f0bfe5e2-5122-4ac5-87d5-93d8ce918c9f,2025-09-16 22:11:32.673,NMATAMOROS,2025-09-16 22:11:32.673,NMATAMOROS,0.0000,0.0000,0.0000,0.0000,0.0000,961.7100,800.9747,336.0124,206.0037,193.3214,217.2711,277.4305,21c9ee1b-eb5d-400f-9492-23d58ac2d83c,17000010,2120,2025
d342f6f0-f97f-48f3-8a73-3ff3a369ac1d,2025-09-16 22:11:32.673,NMATAMOROS,2025-09-16 22:11:32.673,NMATAMOROS,114.3828,128.6054,193.2615,0.0000,0.0000,0.0000,0.0000,0.0000,0.0000,0.0000,0.0000,0.0000,21c9ee1b-eb5d-400f-9492-23d58ac2d83c,17000010,2120,2026
945c62dc-c98e-4661-9e80-bfc5b079688e,2025-09-16 22:11:33.388,NMATAMOROS,2025-09-16 22:11:33.388,NMATAMOROS,0.0000,0.0000,0.0000,0.0000,0.0000,0.0000,1164.0989,10500.1360,6535.5076,4135.3927,3746.9063,3917.4254,e88d7f3e-04d7-4a66-9e94-98b313ec1e03,17000000,2120,2025
29d4e213-84ef-405a-a511-4bcb65486fa3,2025-09-16 22:11:33.388,NMATAMOROS,2025-09-16 22:11:33.388,NMATAMOROS,4072.2748,3836.5317,3852.6418,3644.9320,2551.9040,0.0000,0.0000,0.0000,0.0000,0.0000,0.0000,0.0000,e88d7f3e-04d7-4a66-9e94-98b313ec1e03,17000000,2120,2026
7a691a77-3bfe-4ffe-9f8e-85b4f47444eb,2025-09-16 22:11:33.388,NMATAMOROS,2025-09-16 22:11:33.388,NMATAMOROS,0.0000,0.0000,0.0000,0.0000,0.0000,0.0000,78.4893,707.9714,440.6564,278.8288,252.6351,264.1323,e88d7f3e-04d7-4a66-9e94-98b313ec1e03,17000001,2120,2025
8f6b3456-8dde-4b7b-9b8e-77ffe34fd57c,2025-09-16 22:11:33.388,NMATAMOROS,2025-09-16 22:11:33.388,NMATAMOROS,732.6251,690.2136,693.1119,655.7438,459.1019,0.0000,0.0000,0.0000,0.0000,0.0000,0.0000,0.0000,e88d7f3e-04d7-4a66-9e94-98b313ec1e03,17000001,2120,2026
01c3f9e5-9b2b-4632-a7cb-7c9b5ae55d40,2025-09-16 22:11:33.388,NMATAMOROS,2025-09-16 22:11:33.388,NMATAMOROS,0.0000,0.0000,0.0000,0.0000,0.0000,0.0000,393.0376,3545.1867,2206.5995,1396.2428,1265.0772,1322.6500,e88d7f3e-04d7-4a66-9e94-98b313ec1e03,17000002,2120,2025
3f640979-19fd-4b11-8645-76eaeee8f2c7,2025-09-16 22:11:33.388,NMATAMOROS,2025-09-16 22:11:33.388,NMATAMOROS,274.5730,258.6781,259.7643,245.7595,172.0621,0.0000,0.0000,0.0000,0.0000,0.0000,0.0000,0.0000,e88d7f3e-04d7-4a66-9e94-98b313ec1e03,17000002,2120,2026
2cf5e2d5-825c-484d-8d7a-606d6551e53a,2025-09-16 22:11:33.388,NMATAMOROS,2025-09-16 22:11:33.388,NMATAMOROS,0.0000,0.0000,0.0000,0.0000,0.0000,0.0000,65.9616,594.9718,370.3231,234.3248,212.3119,221.9741,e88d7f3e-04d7-4a66-9e94-98b313ec1e03,17000003,2120,2025
7d98cbdf-d93a-41f8-b6c1-332feda49f9f,2025-09-16 22:11:33.388,NMATAMOROS,2025-09-16 22:11:33.388,NMATAMOROS,147194.3860,119367.7643,117467.3600,98360.4701,66674.1016,0.0000,0.0000,0.0000,0.0000,0.0000,0.0000,0.0000,e88d7f3e-04d7-4a66-9e94-98b313ec1e03,17000003,2120,2026
c1768525-00f4-44c7-ba5d-632dff474537,2025-09-16 22:11:33.388,NMATAMOROS,2025-09-16 22:11:33.388,NMATAMOROS,0.0000,0.0000,0.0000,0.0000,0.0000,0.0000,3332.8472,126349.7800,194480.2743,193244.8581,173355.3182,163199.8402,e88d7f3e-04d7-4a66-9e94-98b313ec1e03,17000004,2120,2025
8632125b-e0d4-4aec-8879-ec002e8d2fe0,2025-09-16 22:11:33.388,NMATAMOROS,2025-09-16 22:11:33.388,NMATAMOROS,1374.9322,1295.3376,1300.7769,1230.6474,861.6056,0.0000,0.0000,0.0000,0.0000,0.0000,0.0000,0.0000,e88d7f3e-04d7-4a66-9e94-98b313ec1e03,17000004,2120,2026
1c8814fc-3964-4cd0-b131-c57a3d6f6fcd,2025-09-16 22:11:33.388,NMATAMOROS,2025-09-16 22:11:33.388,NMATAMOROS,0.0000,0.0000,0.0000,0.0000,0.0000,0.0000,209.4279,1889.0335,1175.7746,743.9804,674.0895,704.7669,e88d7f3e-04d7-4a66-9e94-98b313ec1e03,17000010,2120,2025
f273dd18-4725-4f1d-a699-4a8f86bd5f54,2025-09-16 22:11:33.388,NMATAMOROS,2025-09-16 22:11:33.388,NMATAMOROS,230.7483,217.3903,218.3032,206.5337,144.5992,0.0000,0.0000,0.0000,0.0000,0.0000,0.0000,0.0000,e88d7f3e-04d7-4a66-9e94-98b313ec1e03,17000010,2120,2026
08038166-9039-4c85-a6c2-fa868c23de5c,2025-09-16 22:11:35.087,NMATAMOROS,2025-09-16 22:11:35.087,NMATAMOROS,0.0000,0.0000,0.0000,0.0000,0.0000,0.0000,0.0000,0.0000,3874.1920,5342.7120,2142.3820,1240.3380,93e9a1ef-8b91-423d-b3f6-db1ee9334c36,17000000,2120,2025
72224d07-f283-4558-8cae-c493d833b58b,2025-09-16 22:11:35.087,NMATAMOROS,2025-09-16 22:11:35.087,NMATAMOROS,1064.8550,1073.4450,1459.0330,1848.6350,2354.6700,2698.6410,1235.0500,0.0000,0.0000,0.0000,0.0000,0.0000,93e9a1ef-8b91-423d-b3f6-db1ee9334c36,17000000,2120,2026
cd4ba3e5-7aba-49d2-bef0-691c3d028a03,2025-09-16 22:11:35.087,NMATAMOROS,2025-09-16 22:11:35.087,NMATAMOROS,0.0000,0.0000,0.0000,0.0000,0.0000,0.0000,0.0000,0.0000,261.2170,360.2320,144.4500,83.6300,93e9a1ef-8b91-423d-b3f6-db1ee9334c36,17000001,2120,2025
530d3adf-711e-41a4-854b-a98b3d03f8fe,2025-09-16 22:11:35.087,NMATAMOROS,2025-09-16 22:11:35.087,NMATAMOROS,191.5730,193.1190,262.4880,332.5800,423.6180,485.5010,222.1920,0.0000,0.0000,0.0000,0.0000,0.0000,93e9a1ef-8b91-423d-b3f6-db1ee9334c36,17000001,2120,2026
4fecda0e-6e95-4d38-8d52-4f84dadc4b23,2025-09-16 22:11:35.087,NMATAMOROS,2025-09-16 22:11:35.087,NMATAMOROS,0.0000,0.0000,0.0000,0.0000,0.0000,0.0000,0.0000,0.0000,1308.0530,1803.8730,723.3380,418.7780,93e9a1ef-8b91-423d-b3f6-db1ee9334c36,17000002,2120,2025
0cea15cb-e2ae-4ce0-9f3f-dbb33a7356a6,2025-09-16 22:11:35.087,NMATAMOROS,2025-09-16 22:11:35.087,NMATAMOROS,71.7980,72.3770,98.3750,124.6440,158.7640,181.9560,83.2730,0.0000,0.0000,0.0000,0.0000,0.0000,93e9a1ef-8b91-423d-b3f6-db1ee9334c36,17000002,2120,2026
12f23b61-46fe-4983-a253-6e97cfcd2cf7,2025-09-16 22:11:35.087,NMATAMOROS,2025-09-16 22:11:35.087,NMATAMOROS,0.0000,0.0000,0.0000,0.0000,0.0000,0.0000,0.0000,0.0000,219.5240,302.7350,121.3940,70.2820,93e9a1ef-8b91-423d-b3f6-db1ee9334c36,17000003,2120,2025
55e3a180-8f29-423d-80fd-af5419c50342,2025-09-16 22:11:35.087,NMATAMOROS,2025-09-16 22:11:35.087,NMATAMOROS,181086.1240,153071.8240,157655.9610,139690.6270,127730.9060,104393.4240,36279.4730,0.0000,0.0000,0.0000,0.0000,0.0000,93e9a1ef-8b91-423d-b3f6-db1ee9334c36,17000003,2120,2026
d1475397-ac32-426e-ab3c-525a4041d4b0,2025-09-16 22:11:35.087,NMATAMOROS,2025-09-16 22:11:35.087,NMATAMOROS,0.0000,0.0000,0.0000,0.0000,0.0000,0.0000,0.0000,0.0000,32161.6050,199459.3440,197025.9490,192109.7630,93e9a1ef-8b91-423d-b3f6-db1ee9334c36,17000004,2120,2025
64804f1d-a632-4cad-a51e-f8ee23829fba,2025-09-16 22:11:35.087,NMATAMOROS,2025-09-16 22:11:35.087,NMATAMOROS,359.5290,362.4300,492.6170,624.1590,795.0130,911.1490,416.9930,0.0000,0.0000,0.0000,0.0000,0.0000,93e9a1ef-8b91-423d-b3f6-db1ee9334c36,17000004,2120,2026
e48d5558-5f47-46a3-a6d9-c1d03c9cec06,2025-09-16 22:11:35.087,NMATAMOROS,2025-09-16 22:11:35.087,NMATAMOROS,0.0000,0.0000,0.0000,0.0000,0.0000,0.0000,0.0000,0.0000,696.9890,961.1840,385.4270,223.1440,93e9a1ef-8b91-423d-b3f6-db1ee9334c36,17000010,2120,2025
2041ba2b-2dbd-4247-8a49-882f3437f3a2,2025-09-16 22:11:35.087,NMATAMOROS,2025-09-16 22:11:35.087,NMATAMOROS,60.3380,60.8250,82.6740,104.7500,133.4230,152.9140,69.9820,0.0000,0.0000,0.0000,0.0000,0.0000,93e9a1ef-8b91-423d-b3f6-db1ee9334c36,17000010,2120,2026
cc5967ec-02ef-4ccf-9cd1-f4226481c68e,2025-09-16 22:11:37.578,NMATAMOROS,2025-09-16 22:11:37.578,NMATAMOROS,0.0000,0.0000,0.0000,0.0000,0.0000,0.0000,0.0000,0.0000,0.0000,197.7590,6316.5100,3766.2850,03477ab1-b031-4d5d-9811-b0cf003636e6,17000000,2120,2025
7fc5934a-de71-4860-9a89-f7955c24d278,2025-09-16 22:11:37.578,NMATAMOROS,2025-09-16 22:11:37.578,NMATAMOROS,1636.0940,1033.0570,1085.6620,1237.4570,1600.7990,1988.3850,2611.9990,2859.9460,0.0000,0.0000,0.0000,0.0000,03477ab1-b031-4d5d-9811-b0cf003636e6,17000000,2120,2026
6d43a646-c1fc-4ec6-9ed5-c644e1d25f84,2025-09-16 22:11:37.578,NMATAMOROS,2025-09-16 22:11:37.578,NMATAMOROS,0.0000,0.0000,0.0000,0.0000,0.0000,0.0000,0.0000,0.0000,0.0000,13.3340,425.8910,253.9420,03477ab1-b031-4d5d-9811-b0cf003636e6,17000001,2120,2025
8a7cc5d3-fde2-4eb9-a395-4f9fd9134422,2025-09-16 22:11:37.578,NMATAMOROS,2025-09-16 22:11:37.578,NMATAMOROS,294.3430,185.8530,195.3170,222.6250,287.9930,357.7220,469.9130,514.5200,0.0000,0.0000,0.0000,0.0000,03477ab1-b031-4d5d-9811-b0cf003636e6,17000001,2120,2026
c2aa148f-acd8-411d-ba9e-917cc590d08b,2025-09-16 22:11:37.578,NMATAMOROS,2025-09-16 22:11:37.578,NMATAMOROS,0.0000,0.0000,0.0000,0.0000,0.0000,0.0000,0.0000,0.0000,0.0000,66.7700,2132.6590,1271.6200,03477ab1-b031-4d5d-9811-b0cf003636e6,17000002,2120,2025
dc087367-e827-4595-94d8-cd47f434ff01,2025-09-16 22:11:37.578,NMATAMOROS,2025-09-16 22:11:37.578,NMATAMOROS,110.3140,69.6540,73.2010,83.4350,107.9340,134.0670,176.1140,192.8320,0.0000,0.0000,0.0000,0.0000,03477ab1-b031-4d5d-9811-b0cf003636e6,17000002,2120,2026
98b6de1c-f277-4fec-9914-825d88b4a452,2025-09-16 22:11:37.578,NMATAMOROS,2025-09-16 22:11:37.578,NMATAMOROS,0.0000,0.0000,0.0000,0.0000,0.0000,0.0000,0.0000,0.0000,0.0000,11.2060,357.9140,213.4100,03477ab1-b031-4d5d-9811-b0cf003636e6,17000003,2120,2025
296896a5-e863-4ef3-af95-d3659d874b61,2025-09-16 22:11:37.578,NMATAMOROS,2025-09-16 22:11:37.578,NMATAMOROS,199367.5240,169870.7490,176946.1840,159636.1640,153217.7830,133772.7320,119811.2050,96603.7760,0.0000,0.0000,0.0000,0.0000,03477ab1-b031-4d5d-9811-b0cf003636e6,17000003,2120,2026
7e412ede-3674-44e8-8a06-c2037f41d38a,2025-09-16 22:11:37.578,NMATAMOROS,2025-09-16 22:11:37.578,NMATAMOROS,0.0000,0.0000,0.0000,0.0000,0.0000,0.0000,0.0000,0.0000,0.0000,348.6600,103752.6600,207337.5130,03477ab1-b031-4d5d-9811-b0cf003636e6,17000004,2120,2025
3083a893-183f-4f39-8626-015dbe08d899,2025-09-16 22:11:37.578,NMATAMOROS,2025-09-16 22:11:37.578,NMATAMOROS,552.3990,348.7940,366.5550,417.8060,540.4820,671.3430,881.8960,965.6110,0.0000,0.0000,0.0000,0.0000,03477ab1-b031-4d5d-9811-b0cf003636e6,17000004,2120,2026
e668edfa-b484-4f65-8aa8-08a44355e6c9,2025-09-16 22:11:37.578,NMATAMOROS,2025-09-16 22:11:37.578,NMATAMOROS,0.0000,0.0000,0.0000,0.0000,0.0000,0.0000,0.0000,0.0000,0.0000,35.5780,1136.3760,677.5760,03477ab1-b031-4d5d-9811-b0cf003636e6,17000010,2120,2025
5a141772-eec2-4ae2-9c31-88ef08d72adb,2025-09-16 22:11:37.578,NMATAMOROS,2025-09-16 22:11:37.578,NMATAMOROS,92.7060,58.5360,61.5170,70.1180,90.7060,112.6680,148.0040,162.0540,0.0000,0.0000,0.0000,0.0000,03477ab1-b031-4d5d-9811-b0cf003636e6,17000010,2120,2026
